"id","name","slug","created_at","updated_at","deleted_at","cityId","latitude","longitude"
1,"Adalar","adalar","2018-05-28 11:46:56","2018-05-28 11:46:56",,1,,
2,"Arnavutköy","arnavutkoy","2018-05-28 11:46:56","2018-05-28 11:46:56",,1,,
3,"Ataşehir","atasehir","2018-05-28 11:46:56","2018-05-28 11:46:56",,1,,
4,"Avcılar","avcilar","2018-05-28 11:46:56","2018-05-28 11:46:56",,1,,
5,"Bağcılar","bagcilar","2018-05-28 11:46:56","2018-05-28 11:46:56",,1,,
6,"Bahçelievler","bahcelievler","2018-05-28 11:46:56","2018-05-28 11:46:56",,1,,
7,"Bakırköy","bakirkoy","2018-05-28 11:46:56","2018-05-28 11:46:56",,1,,
8,"Başakşehir","basaksehir","2018-05-28 11:46:56","2018-05-28 11:46:56",,1,,
9,"Bayrampaşa","bayrampasa","2018-05-28 11:46:56","2018-05-28 11:46:56",,1,,
10,"Beşiktaş","besiktas","2018-05-28 11:46:56","2018-05-28 11:46:56",,1,,
11,"Beykoz","beykoz","2018-05-28 11:46:56","2018-05-28 11:46:56",,1,,
12,"Beylikdüzü","beylikduzu","2018-05-28 11:46:56","2018-05-28 11:46:56",,1,,
13,"Beyoğlu","beyoglu","2018-05-28 11:46:56","2018-05-28 11:46:56",,1,,
14,"Büyükçekmece","buyukcekmece","2018-05-28 11:46:56","2018-05-28 11:46:56",,1,,
15,"Çatalca","catalca","2018-05-28 11:46:56","2018-05-28 11:46:56",,1,,
16,"Çekmeköy","cekmekoy","2018-05-28 11:46:56","2018-05-28 11:46:56",,1,,
17,"Esenler","esenler","2018-05-28 11:46:56","2018-05-28 11:46:56",,1,,
18,"Esenyurt","esenyurt","2018-05-28 11:46:56","2018-05-28 11:46:56",,1,,
19,"Eyüp","eyup","2018-05-28 11:46:56","2018-05-28 11:46:56",,1,,
20,"Fatih","fatih","2018-05-28 11:46:56","2018-05-28 11:46:56",,1,,
21,"Gaziosmanpaşa","gaziosmanpasa","2018-05-28 11:46:56","2018-05-28 11:46:56",,1,,
22,"Güngören","gungoren","2018-05-28 11:46:56","2018-05-28 11:46:56",,1,,
23,"Kadıköy","kadikoy","2018-05-28 11:46:56","2018-05-28 11:46:56",,1,,
24,"Kağıthane","kagithane","2018-05-28 11:46:56","2018-05-28 11:46:56",,1,,
25,"Kartal","kartal","2018-05-28 11:46:56","2018-05-28 11:46:56",,1,,
26,"Küçükçekmece","kucukcekmece","2018-05-28 11:46:56","2018-05-28 11:46:56",,1,,
27,"Maltepe","maltepe","2018-05-28 11:46:56","2018-05-28 11:46:56",,1,,
28,"Pendik","pendik","2018-05-28 11:46:56","2018-05-28 11:46:56",,1,,
29,"Sancaktepe","sancaktepe","2018-05-28 11:46:56","2018-05-28 11:46:56",,1,,
30,"Sarıyer","sariyer","2018-05-28 11:46:56","2018-05-28 11:46:56",,1,,
31,"Silivri","silivri","2018-05-28 11:46:56","2018-05-28 11:46:56",,1,,
32,"Sultanbeyli","sultanbeyli","2018-05-28 11:46:56","2018-05-28 11:46:56",,1,,
33,"Sultangazi","sultangazi","2018-05-28 11:46:56","2018-05-28 11:46:56",,1,,
34,"Şile","sile","2018-05-28 11:46:56","2018-05-28 11:46:56",,1,,
35,"Şişli","sisli","2018-05-28 11:46:57","2018-05-28 11:46:57",,1,,
36,"Tuzla","tuzla","2018-05-28 11:46:57","2018-05-28 11:46:57",,1,,
37,"Ümraniye","umraniye","2018-05-28 11:46:57","2018-05-28 11:46:57",,1,,
38,"Üsküdar","uskudar","2018-05-28 11:46:57","2018-05-28 11:46:57",,1,,
39,"Zeytinburnu","zeytinburnu","2018-05-28 11:46:57","2018-05-28 11:46:57",,1,,
40,"Akyurt","akyurt","2018-05-28 11:46:57","2018-05-28 11:46:57",,2,,
41,"Altındağ","altindag","2018-05-28 11:46:57","2018-05-28 11:46:57",,2,,
42,"Ayaş","ayas","2018-05-28 11:46:57","2018-05-28 11:46:57",,2,,
43,"Bala","bala","2018-05-28 11:46:57","2018-05-28 11:46:57",,2,,
44,"Beypazarı","beypazari","2018-05-28 11:46:57","2018-05-28 11:46:57",,2,,
45,"Çamlıdere","camlidere","2018-05-28 11:46:57","2018-05-28 11:46:57",,2,,
46,"Çankaya","cankaya","2018-05-28 11:46:57","2018-05-28 11:46:57",,2,,
47,"Çubuk","cubuk","2018-05-28 11:46:57","2018-05-28 11:46:57",,2,,
48,"Elmadağ","elmadag","2018-05-28 11:46:57","2018-05-28 11:46:57",,2,,
49,"Etimesgut","etimesgut","2018-05-28 11:46:57","2018-05-28 11:46:57",,2,,
50,"Evren","evren","2018-05-28 11:46:57","2018-05-28 11:46:57",,2,,
51,"Gölbaşı","golbasi","2018-05-28 11:46:57","2018-05-28 11:46:57",,2,,
52,"Güdül","gudul","2018-05-28 11:46:57","2018-05-28 11:46:57",,2,,
53,"Haymana","haymana","2018-05-28 11:46:57","2018-05-28 11:46:57",,2,,
54,"Kahramankazan","kahramankazan","2018-05-28 11:46:57","2018-05-28 11:46:57",,2,,
55,"Kalecik","kalecik","2018-05-28 11:46:57","2018-05-28 11:46:57",,2,,
56,"Keçiören","kecioren","2018-05-28 11:46:57","2018-05-28 11:46:57",,2,,
57,"Kızılcahamam","kizilcahamam","2018-05-28 11:46:57","2018-05-28 11:46:57",,2,,
58,"Mamak","mamak","2018-05-28 11:46:57","2018-05-28 11:46:57",,2,,
59,"Nallıhan","nallihan","2018-05-28 11:46:57","2018-05-28 11:46:57",,2,,
60,"Polatlı","polatli","2018-05-28 11:46:57","2018-05-28 11:46:57",,2,,
61,"Pursaklar","pursaklar","2018-05-28 11:46:57","2018-05-28 11:46:57",,2,,
62,"Sincan","sincan","2018-05-28 11:46:57","2018-05-28 11:46:57",,2,,
63,"Şereflikoçhisar","sereflikochisar","2018-05-28 11:46:57","2018-05-28 11:46:57",,2,,
64,"Yenimahalle","yenimahalle","2018-05-28 11:46:57","2018-05-28 11:46:57",,2,,
65,"Aliağa","aliaga","2018-05-28 11:46:57","2018-05-28 11:46:57",,3,,
66,"Balçova","balcova","2018-05-28 11:46:57","2018-05-28 11:46:57",,3,,
67,"Bayındır","bayindir","2018-05-28 11:46:57","2018-05-28 11:46:57",,3,,
68,"Bayraklı","bayrakli","2018-05-28 11:46:57","2018-05-28 11:46:57",,3,,
69,"Bergama","bergama","2018-05-28 11:46:57","2018-05-28 11:46:57",,3,,
70,"Beydağ","beydag","2018-05-28 11:46:57","2018-05-28 11:46:57",,3,,
71,"Bornova","bornova","2018-05-28 11:46:57","2018-05-28 11:46:57",,3,,
72,"Buca","buca","2018-05-28 11:46:57","2018-05-28 11:46:57",,3,,
73,"Çeşme","cesme","2018-05-28 11:46:57","2018-05-28 11:46:57",,3,,
74,"Çiğli","cigli","2018-05-28 11:46:57","2018-05-28 11:46:57",,3,,
75,"Dikili","dikili","2018-05-28 11:46:57","2018-05-28 11:46:57",,3,,
76,"Foça","foca","2018-05-28 11:46:57","2018-05-28 11:46:57",,3,,
77,"Gaziemir","gaziemir","2018-05-28 11:46:57","2018-05-28 11:46:57",,3,,
78,"Güzelbahçe","guzelbahce","2018-05-28 11:46:57","2018-05-28 11:46:57",,3,,
79,"Karabağlar","karabaglar","2018-05-28 11:46:57","2018-05-28 11:46:57",,3,,
80,"Karaburun","karaburun","2018-05-28 11:46:57","2018-05-28 11:46:57",,3,,
81,"Karşıyaka","karsiyaka","2018-05-28 11:46:57","2018-05-28 11:46:57",,3,,
82,"Kemalpaşa","kemalpasa","2018-05-28 11:46:57","2018-05-28 11:46:57",,3,,
83,"Kınık","kinik","2018-05-28 11:46:57","2018-05-28 11:46:57",,3,,
84,"Kiraz","kiraz","2018-05-28 11:46:57","2018-05-28 11:46:57",,3,,
85,"Konak","konak","2018-05-28 11:46:57","2018-05-28 11:46:57",,3,,
86,"Menderes","menderes","2018-05-28 11:46:57","2018-05-28 11:46:57",,3,,
87,"Menemen","menemen","2018-05-28 11:46:57","2018-05-28 11:46:57",,3,,
88,"Narlıdere","narlidere","2018-05-28 11:46:57","2018-05-28 11:46:57",,3,,
89,"Ödemiş","odemis","2018-05-28 11:46:57","2018-05-28 11:46:57",,3,,
90,"Seferihisar","seferihisar","2018-05-28 11:46:57","2018-05-28 11:46:57",,3,,
91,"Selçuk","selcuk","2018-05-28 11:46:57","2018-05-28 11:46:57",,3,,
92,"Tire","tire","2018-05-28 11:46:57","2018-05-28 11:46:57",,3,,
93,"Torbalı","torbali","2018-05-28 11:46:57","2018-05-28 11:46:57",,3,,
94,"Urla","urla","2018-05-28 11:46:57","2018-05-28 11:46:57",,3,,
95,"Büyükorhan","buyukorhan","2018-05-28 11:46:57","2018-05-28 11:46:57",,4,,
96,"Gemlik","gemlik","2018-05-28 11:46:57","2018-05-28 11:46:57",,4,,
97,"Gürsu","gursu","2018-05-28 11:46:57","2018-05-28 11:46:57",,4,,
98,"Harmancık","harmancik","2018-05-28 11:46:57","2018-05-28 11:46:57",,4,,
99,"İnegöl","inegol","2018-05-28 11:46:57","2018-05-28 11:46:57",,4,,
100,"İznik","iznik","2018-05-28 11:46:57","2018-05-28 11:46:57",,4,,
101,"Karacabey","karacabey","2018-05-28 11:46:57","2018-05-28 11:46:57",,4,,
102,"Keles","keles","2018-05-28 11:46:57","2018-05-28 11:46:57",,4,,
103,"Kestel","kestel","2018-05-28 11:46:57","2018-05-28 11:46:57",,4,,
104,"Mudanya","mudanya","2018-05-28 11:46:57","2018-05-28 11:46:57",,4,,
105,"Mustafakemalpaşa","mustafakemalpasa","2018-05-28 11:46:57","2018-05-28 11:46:57",,4,,
106,"Nilüfer","nilufer","2018-05-28 11:46:57","2018-05-28 11:46:57",,4,,
107,"Orhaneli","orhaneli","2018-05-28 11:46:57","2018-05-28 11:46:57",,4,,
108,"Orhangazi","orhangazi","2018-05-28 11:46:57","2018-05-28 11:46:57",,4,,
109,"Osmangazi","osmangazi","2018-05-28 11:46:57","2018-05-28 11:46:57",,4,,
110,"Yenişehir","yenisehir","2018-05-28 11:46:57","2018-05-28 11:46:57",,4,,
111,"Yıldırım","yildirim","2018-05-28 11:46:57","2018-05-28 11:46:57",,4,,
112,"Aladağ","aladag","2018-05-28 11:46:57","2018-05-28 11:46:57",,5,,
113,"Ceyhan","ceyhan","2018-05-28 11:46:57","2018-05-28 11:46:57",,5,,
114,"Çukurova","cukurova","2018-05-28 11:46:57","2018-05-28 11:46:57",,5,,
115,"Feke","feke","2018-05-28 11:46:57","2018-05-28 11:46:57",,5,,
116,"İmamoğlu","imamoglu","2018-05-28 11:46:57","2018-05-28 11:46:57",,5,,
117,"Karaisalı","karaisali","2018-05-28 11:46:57","2018-05-28 11:46:57",,5,,
118,"Karataş","karatas","2018-05-28 11:46:57","2018-05-28 11:46:57",,5,,
119,"Kozan","kozan","2018-05-28 11:46:57","2018-05-28 11:46:57",,5,,
120,"Pozantı","pozanti","2018-05-28 11:46:57","2018-05-28 11:46:57",,5,,
121,"Saimbeyli","saimbeyli","2018-05-28 11:46:57","2018-05-28 11:46:57",,5,,
122,"Sarıçam","saricam","2018-05-28 11:46:57","2018-05-28 11:46:57",,5,,
123,"Seyhan","seyhan","2018-05-28 11:46:57","2018-05-28 11:46:57",,5,,
124,"Tufanbeyli","tufanbeyli","2018-05-28 11:46:57","2018-05-28 11:46:57",,5,,
125,"Yumurtalık","yumurtalik","2018-05-28 11:46:57","2018-05-28 11:46:57",,5,,
126,"Yüreğir","yuregir","2018-05-28 11:46:57","2018-05-28 11:46:57",,5,,
127,"Besni","besni","2018-05-28 11:46:57","2018-05-28 11:46:57",,6,,
128,"Çelikhan","celikhan","2018-05-28 11:46:57","2018-05-28 11:46:57",,6,,
129,"Gerger","gerger","2018-05-28 11:46:57","2018-05-28 11:46:57",,6,,
130,"Gölbaşı","golbasi","2018-05-28 11:46:57","2018-05-28 11:46:57",,6,,
131,"Kahta","kahta","2018-05-28 11:46:57","2018-05-28 11:46:57",,6,,
132,"Merkez","merkez","2018-05-28 11:46:57","2018-05-28 11:46:57",,6,,
133,"Samsat","samsat","2018-05-28 11:46:57","2018-05-28 11:46:57",,6,,
134,"Sincik","sincik","2018-05-28 11:46:57","2018-05-28 11:46:57",,6,,
135,"Tut","tut","2018-05-28 11:46:57","2018-05-28 11:46:57",,6,,
136,"Başmakçı","basmakci","2018-05-28 11:46:57","2018-05-28 11:46:57",,7,,
137,"Bayat","bayat","2018-05-28 11:46:57","2018-05-28 11:46:57",,7,,
138,"Bolvadin","bolvadin","2018-05-28 11:46:57","2018-05-28 11:46:57",,7,,
139,"Çay","cay","2018-05-28 11:46:57","2018-05-28 11:46:57",,7,,
140,"Çobanlar","cobanlar","2018-05-28 11:46:57","2018-05-28 11:46:57",,7,,
141,"Dazkırı","dazkiri","2018-05-28 11:46:57","2018-05-28 11:46:57",,7,,
142,"Dinar","dinar","2018-05-28 11:46:57","2018-05-28 11:46:57",,7,,
143,"Emirdağ","emirdag","2018-05-28 11:46:57","2018-05-28 11:46:57",,7,,
144,"Evciler","evciler","2018-05-28 11:46:57","2018-05-28 11:46:57",,7,,
145,"Hocalar","hocalar","2018-05-28 11:46:57","2018-05-28 11:46:57",,7,,
146,"İhsaniye","ihsaniye","2018-05-28 11:46:57","2018-05-28 11:46:57",,7,,
147,"İscehisar","iscehisar","2018-05-28 11:46:57","2018-05-28 11:46:57",,7,,
148,"Kızılören","kiziloren","2018-05-28 11:46:57","2018-05-28 11:46:57",,7,,
149,"Merkez","merkez","2018-05-28 11:46:57","2018-05-28 11:46:57",,7,,
150,"Sandıklı","sandikli","2018-05-28 11:46:57","2018-05-28 11:46:57",,7,,
151,"Sinanpaşa","sinanpasa","2018-05-28 11:46:57","2018-05-28 11:46:57",,7,,
152,"Sultandağı","sultandagi","2018-05-28 11:46:57","2018-05-28 11:46:57",,7,,
153,"Şuhut","suhut","2018-05-28 11:46:57","2018-05-28 11:46:57",,7,,
154,"Diyadin","diyadin","2018-05-28 11:46:57","2018-05-28 11:46:57",,8,,
155,"Doğubayazıt","dogubayazit","2018-05-28 11:46:57","2018-05-28 11:46:57",,8,,
156,"Eleşkirt","eleskirt","2018-05-28 11:46:57","2018-05-28 11:46:57",,8,,
157,"Hamur","hamur","2018-05-28 11:46:57","2018-05-28 11:46:57",,8,,
158,"Merkez","merkez","2018-05-28 11:46:57","2018-05-28 11:46:57",,8,,
159,"Patnos","patnos","2018-05-28 11:46:57","2018-05-28 11:46:57",,8,,
160,"Taşlıçay","taslicay","2018-05-28 11:46:57","2018-05-28 11:46:57",,8,,
161,"Tutak","tutak","2018-05-28 11:46:57","2018-05-28 11:46:57",,8,,
162,"Ağaçören","agacoren","2018-05-28 11:46:57","2018-05-28 11:46:57",,9,,
163,"Eskil","eskil","2018-05-28 11:46:57","2018-05-28 11:46:57",,9,,
164,"Gülağaç","gulagac","2018-05-28 11:46:57","2018-05-28 11:46:57",,9,,
165,"Güzelyurt","guzelyurt","2018-05-28 11:46:57","2018-05-28 11:46:57",,9,,
166,"Merkez","merkez","2018-05-28 11:46:57","2018-05-28 11:46:57",,9,,
167,"Ortaköy","ortakoy","2018-05-28 11:46:57","2018-05-28 11:46:57",,9,,
168,"Sarıyahşi","sariyahsi","2018-05-28 11:46:57","2018-05-28 11:46:57",,9,,
169,"Göynücek","goynucek","2018-05-28 11:46:57","2018-05-28 11:46:57",,10,,
170,"Gümüşhacıköy","gumushacikoy","2018-05-28 11:46:57","2018-05-28 11:46:57",,10,,
171,"Hamamözü","hamamozu","2018-05-28 11:46:57","2018-05-28 11:46:57",,10,,
172,"Merkez","merkez","2018-05-28 11:46:57","2018-05-28 11:46:57",,10,,
173,"Merzifon","merzifon","2018-05-28 11:46:57","2018-05-28 11:46:57",,10,,
174,"Suluova","suluova","2018-05-28 11:46:57","2018-05-28 11:46:57",,10,,
175,"Taşova","tasova","2018-05-28 11:46:57","2018-05-28 11:46:57",,10,,
176,"Akseki","akseki","2018-05-28 11:46:57","2018-05-28 11:46:57",,11,,
177,"Aksu","aksu","2018-05-28 11:46:57","2018-05-28 11:46:57",,11,,
178,"Alanya","alanya","2018-05-28 11:46:57","2018-05-28 11:46:57",,11,,
179,"Demre","demre","2018-05-28 11:46:57","2018-05-28 11:46:57",,11,,
180,"Döşemealtı","dosemealti","2018-05-28 11:46:57","2018-05-28 11:46:57",,11,,
181,"Elmalı","elmali","2018-05-28 11:46:57","2018-05-28 11:46:57",,11,,
182,"Finike","finike","2018-05-28 11:46:57","2018-05-28 11:46:57",,11,,
183,"Gazipaşa","gazipasa","2018-05-28 11:46:57","2018-05-28 11:46:57",,11,,
184,"Gündoğmuş","gundogmus","2018-05-28 11:46:57","2018-05-28 11:46:57",,11,,
185,"İbradı","ibradi","2018-05-28 11:46:57","2018-05-28 11:46:57",,11,,
186,"Kaş","kas","2018-05-28 11:46:57","2018-05-28 11:46:57",,11,,
187,"Kemer","kemer","2018-05-28 11:46:57","2018-05-28 11:46:57",,11,,
188,"Kepez","kepez","2018-05-28 11:46:57","2018-05-28 11:46:57",,11,,
189,"Konyaaltı","konyaalti","2018-05-28 11:46:57","2018-05-28 11:46:57",,11,,
190,"Korkuteli","korkuteli","2018-05-28 11:46:57","2018-05-28 11:46:57",,11,,
191,"Kumluca","kumluca","2018-05-28 11:46:57","2018-05-28 11:46:57",,11,,
192,"Manavgat","manavgat","2018-05-28 11:46:57","2018-05-28 11:46:57",,11,,
193,"Muratpaşa","muratpasa","2018-05-28 11:46:57","2018-05-28 11:46:57",,11,,
194,"Serik","serik","2018-05-28 11:46:57","2018-05-28 11:46:57",,11,,
195,"Çıldır","cildir","2018-05-28 11:46:58","2018-05-28 11:46:58",,12,,
196,"Damal","damal","2018-05-28 11:46:58","2018-05-28 11:46:58",,12,,
197,"Göle","gole","2018-05-28 11:46:58","2018-05-28 11:46:58",,12,,
198,"Hanak","hanak","2018-05-28 11:46:58","2018-05-28 11:46:58",,12,,
199,"Merkez","merkez","2018-05-28 11:46:58","2018-05-28 11:46:58",,12,,
200,"Posof","posof","2018-05-28 11:46:58","2018-05-28 11:46:58",,12,,
201,"Ardanuç","ardanuc","2018-05-28 11:46:58","2018-05-28 11:46:58",,13,,
202,"Arhavi","arhavi","2018-05-28 11:46:58","2018-05-28 11:46:58",,13,,
203,"Borçka","borcka","2018-05-28 11:46:58","2018-05-28 11:46:58",,13,,
204,"Hopa","hopa","2018-05-28 11:46:58","2018-05-28 11:46:58",,13,,
205,"Merkez","merkez","2018-05-28 11:46:58","2018-05-28 11:46:58",,13,,
206,"Murgul","murgul","2018-05-28 11:46:58","2018-05-28 11:46:58",,13,,
207,"Şavşat","savsat","2018-05-28 11:46:58","2018-05-28 11:46:58",,13,,
208,"Yusufeli","yusufeli","2018-05-28 11:46:58","2018-05-28 11:46:58",,13,,
209,"Bozdoğan","bozdogan","2018-05-28 11:46:58","2018-05-28 11:46:58",,14,,
210,"Buharkent","buharkent","2018-05-28 11:46:58","2018-05-28 11:46:58",,14,,
211,"Çine","cine","2018-05-28 11:46:58","2018-05-28 11:46:58",,14,,
212,"Didim","didim","2018-05-28 11:46:58","2018-05-28 11:46:58",,14,,
213,"Efeler","efeler","2018-05-28 11:46:58","2018-05-28 11:46:58",,14,,
214,"Germencik","germencik","2018-05-28 11:46:58","2018-05-28 11:46:58",,14,,
215,"İncirliova","incirliova","2018-05-28 11:46:58","2018-05-28 11:46:58",,14,,
216,"Karacasu","karacasu","2018-05-28 11:46:58","2018-05-28 11:46:58",,14,,
217,"Karpuzlu","karpuzlu","2018-05-28 11:46:58","2018-05-28 11:46:58",,14,,
218,"Koçarlı","kocarli","2018-05-28 11:46:58","2018-05-28 11:46:58",,14,,
219,"Köşk","kosk","2018-05-28 11:46:58","2018-05-28 11:46:58",,14,,
220,"Kuşadası","kusadasi","2018-05-28 11:46:58","2018-05-28 11:46:58",,14,,
221,"Kuyucak","kuyucak","2018-05-28 11:46:58","2018-05-28 11:46:58",,14,,
222,"Nazilli","nazilli","2018-05-28 11:46:58","2018-05-28 11:46:58",,14,,
223,"Söke","soke","2018-05-28 11:46:58","2018-05-28 11:46:58",,14,,
224,"Sultanhisar","sultanhisar","2018-05-28 11:46:58","2018-05-28 11:46:58",,14,,
225,"Yenipazar","yenipazar","2018-05-28 11:46:58","2018-05-28 11:46:58",,14,,
226,"Altıeylül","altieylul","2018-05-28 11:46:58","2018-05-28 11:46:58",,15,,
227,"Ayvalık","ayvalik","2018-05-28 11:46:58","2018-05-28 11:46:58",,15,,
228,"Balya","balya","2018-05-28 11:46:58","2018-05-28 11:46:58",,15,,
229,"Bandırma","bandirma","2018-05-28 11:46:58","2018-05-28 11:46:58",,15,,
230,"Bigadiç","bigadic","2018-05-28 11:46:58","2018-05-28 11:46:58",,15,,
231,"Burhaniye","burhaniye","2018-05-28 11:46:58","2018-05-28 11:46:58",,15,,
232,"Dursunbey","dursunbey","2018-05-28 11:46:58","2018-05-28 11:46:58",,15,,
233,"Edremit","edremit","2018-05-28 11:46:58","2018-05-28 11:46:58",,15,,
234,"Erdek","erdek","2018-05-28 11:46:58","2018-05-28 11:46:58",,15,,
235,"Gömeç","gomec","2018-05-28 11:46:58","2018-05-28 11:46:58",,15,,
236,"Gönen","gonen","2018-05-28 11:46:58","2018-05-28 11:46:58",,15,,
237,"Havran","havran","2018-05-28 11:46:58","2018-05-28 11:46:58",,15,,
238,"İvrindi","ivrindi","2018-05-28 11:46:58","2018-05-28 11:46:58",,15,,
239,"Karesi","karesi","2018-05-28 11:46:58","2018-05-28 11:46:58",,15,,
240,"Kepsut","kepsut","2018-05-28 11:46:58","2018-05-28 11:46:58",,15,,
241,"Manyas","manyas","2018-05-28 11:46:58","2018-05-28 11:46:58",,15,,
242,"Marmara","marmara","2018-05-28 11:46:58","2018-05-28 11:46:58",,15,,
243,"Savaştepe","savastepe","2018-05-28 11:46:58","2018-05-28 11:46:58",,15,,
244,"Sındırgı","sindirgi","2018-05-28 11:46:58","2018-05-28 11:46:58",,15,,
245,"Susurluk","susurluk","2018-05-28 11:46:58","2018-05-28 11:46:58",,15,,
246,"Amasra","amasra","2018-05-28 11:46:58","2018-05-28 11:46:58",,16,,
247,"Kurucaşile","kurucasile","2018-05-28 11:46:58","2018-05-28 11:46:58",,16,,
248,"Merkez","merkez","2018-05-28 11:46:58","2018-05-28 11:46:58",,16,,
249,"Ulus","ulus","2018-05-28 11:46:58","2018-05-28 11:46:58",,16,,
250,"Beşiri","besiri","2018-05-28 11:46:58","2018-05-28 11:46:58",,17,,
251,"Gercüş","gercus","2018-05-28 11:46:58","2018-05-28 11:46:58",,17,,
252,"Hasankeyf","hasankeyf","2018-05-28 11:46:58","2018-05-28 11:46:58",,17,,
253,"Kozluk","kozluk","2018-05-28 11:46:58","2018-05-28 11:46:58",,17,,
254,"Merkez","merkez","2018-05-28 11:46:58","2018-05-28 11:46:58",,17,,
255,"Sason","sason","2018-05-28 11:46:58","2018-05-28 11:46:58",,17,,
256,"Aydıntepe","aydintepe","2018-05-28 11:46:58","2018-05-28 11:46:58",,18,,
257,"Demirözü","demirozu","2018-05-28 11:46:58","2018-05-28 11:46:58",,18,,
258,"Merkez","merkez","2018-05-28 11:46:58","2018-05-28 11:46:58",,18,,
259,"Bozüyük","bozuyuk","2018-05-28 11:46:58","2018-05-28 11:46:58",,19,,
260,"Gölpazarı","golpazari","2018-05-28 11:46:58","2018-05-28 11:46:58",,19,,
261,"İnhisar","inhisar","2018-05-28 11:46:58","2018-05-28 11:46:58",,19,,
262,"Merkez","merkez","2018-05-28 11:46:58","2018-05-28 11:46:58",,19,,
263,"Osmaneli","osmaneli","2018-05-28 11:46:58","2018-05-28 11:46:58",,19,,
264,"Pazaryeri","pazaryeri","2018-05-28 11:46:58","2018-05-28 11:46:58",,19,,
265,"Söğüt","sogut","2018-05-28 11:46:58","2018-05-28 11:46:58",,19,,
266,"Yenipazar","yenipazar","2018-05-28 11:46:58","2018-05-28 11:46:58",,19,,
267,"Adaklı","adakli","2018-05-28 11:46:58","2018-05-28 11:46:58",,20,,
268,"Genç","genc","2018-05-28 11:46:58","2018-05-28 11:46:58",,20,,
269,"Karlıova","karliova","2018-05-28 11:46:58","2018-05-28 11:46:58",,20,,
270,"Kiğı","kigi","2018-05-28 11:46:58","2018-05-28 11:46:58",,20,,
271,"Merkez","merkez","2018-05-28 11:46:58","2018-05-28 11:46:58",,20,,
272,"Solhan","solhan","2018-05-28 11:46:58","2018-05-28 11:46:58",,20,,
273,"Yayladere","yayladere","2018-05-28 11:46:58","2018-05-28 11:46:58",,20,,
274,"Yedisu","yedisu","2018-05-28 11:46:58","2018-05-28 11:46:58",,20,,
275,"Adilcevaz","adilcevaz","2018-05-28 11:46:58","2018-05-28 11:46:58",,21,,
276,"Ahlat","ahlat","2018-05-28 11:46:58","2018-05-28 11:46:58",,21,,
277,"Güroymak","guroymak","2018-05-28 11:46:58","2018-05-28 11:46:58",,21,,
278,"Hizan","hizan","2018-05-28 11:46:58","2018-05-28 11:46:58",,21,,
279,"Merkez","merkez","2018-05-28 11:46:58","2018-05-28 11:46:58",,21,,
280,"Mutki","mutki","2018-05-28 11:46:58","2018-05-28 11:46:58",,21,,
281,"Tatvan","tatvan","2018-05-28 11:46:58","2018-05-28 11:46:58",,21,,
282,"Dörtdivan","dortdivan","2018-05-28 11:46:58","2018-05-28 11:46:58",,22,,
283,"Gerede","gerede","2018-05-28 11:46:58","2018-05-28 11:46:58",,22,,
284,"Göynük","goynuk","2018-05-28 11:46:58","2018-05-28 11:46:58",,22,,
285,"Kıbrıscık","kibriscik","2018-05-28 11:46:58","2018-05-28 11:46:58",,22,,
286,"Mengen","mengen","2018-05-28 11:46:58","2018-05-28 11:46:58",,22,,
287,"Merkez","merkez","2018-05-28 11:46:58","2018-05-28 11:46:58",,22,,
288,"Mudurnu","mudurnu","2018-05-28 11:46:58","2018-05-28 11:46:58",,22,,
289,"Seben","seben","2018-05-28 11:46:58","2018-05-28 11:46:58",,22,,
290,"Yeniçağa","yenicaga","2018-05-28 11:46:58","2018-05-28 11:46:58",,22,,
291,"Ağlasun","aglasun","2018-05-28 11:46:58","2018-05-28 11:46:58",,23,,
292,"Altınyayla","altinyayla","2018-05-28 11:46:58","2018-05-28 11:46:58",,23,,
293,"Bucak","bucak","2018-05-28 11:46:58","2018-05-28 11:46:58",,23,,
294,"Çavdır","cavdir","2018-05-28 11:46:58","2018-05-28 11:46:58",,23,,
295,"Çeltikçi","celtikci","2018-05-28 11:46:58","2018-05-28 11:46:58",,23,,
296,"Gölhisar","golhisar","2018-05-28 11:46:58","2018-05-28 11:46:58",,23,,
297,"Karamanlı","karamanli","2018-05-28 11:46:58","2018-05-28 11:46:58",,23,,
298,"Kemer","kemer","2018-05-28 11:46:58","2018-05-28 11:46:58",,23,,
299,"Merkez","merkez","2018-05-28 11:46:58","2018-05-28 11:46:58",,23,,
300,"Tefenni","tefenni","2018-05-28 11:46:58","2018-05-28 11:46:58",,23,,
301,"Yeşilova","yesilova","2018-05-28 11:46:58","2018-05-28 11:46:58",,23,,
302,"Ayvacık","ayvacik","2018-05-28 11:46:58","2018-05-28 11:46:58",,24,,
303,"Bayramiç","bayramic","2018-05-28 11:46:58","2018-05-28 11:46:58",,24,,
304,"Biga","biga","2018-05-28 11:46:58","2018-05-28 11:46:58",,24,,
305,"Bozcaada","bozcaada","2018-05-28 11:46:58","2018-05-28 11:46:58",,24,,
306,"Çan","can","2018-05-28 11:46:58","2018-05-28 11:46:58",,24,,
307,"Eceabat","eceabat","2018-05-28 11:46:58","2018-05-28 11:46:58",,24,,
308,"Ezine","ezine","2018-05-28 11:46:58","2018-05-28 11:46:58",,24,,
309,"Gelibolu","gelibolu","2018-05-28 11:46:58","2018-05-28 11:46:58",,24,,
310,"Gökçeada","gokceada","2018-05-28 11:46:58","2018-05-28 11:46:58",,24,,
311,"Lapseki","lapseki","2018-05-28 11:46:58","2018-05-28 11:46:58",,24,,
312,"Merkez","merkez","2018-05-28 11:46:58","2018-05-28 11:46:58",,24,,
313,"Yenice","yenice","2018-05-28 11:46:58","2018-05-28 11:46:58",,24,,
314,"Atkaracalar","atkaracalar","2018-05-28 11:46:58","2018-05-28 11:46:58",,25,,
315,"Bayramören","bayramoren","2018-05-28 11:46:58","2018-05-28 11:46:58",,25,,
316,"Çerkeş","cerkes","2018-05-28 11:46:58","2018-05-28 11:46:58",,25,,
317,"Eldivan","eldivan","2018-05-28 11:46:58","2018-05-28 11:46:58",,25,,
318,"Ilgaz","ilgaz","2018-05-28 11:46:58","2018-05-28 11:46:58",,25,,
319,"Kızılırmak","kizilirmak","2018-05-28 11:46:58","2018-05-28 11:46:58",,25,,
320,"Korgun","korgun","2018-05-28 11:46:58","2018-05-28 11:46:58",,25,,
321,"Kurşunlu","kursunlu","2018-05-28 11:46:58","2018-05-28 11:46:58",,25,,
322,"Merkez","merkez","2018-05-28 11:46:58","2018-05-28 11:46:58",,25,,
323,"Orta","orta","2018-05-28 11:46:58","2018-05-28 11:46:58",,25,,
324,"Şabanözü","sabanozu","2018-05-28 11:46:58","2018-05-28 11:46:58",,25,,
325,"Yapraklı","yaprakli","2018-05-28 11:46:58","2018-05-28 11:46:58",,25,,
326,"Alaca","alaca","2018-05-28 11:46:58","2018-05-28 11:46:58",,26,,
327,"Bayat","bayat","2018-05-28 11:46:58","2018-05-28 11:46:58",,26,,
328,"Boğazkale","bogazkale","2018-05-28 11:46:58","2018-05-28 11:46:58",,26,,
329,"Dodurga","dodurga","2018-05-28 11:46:58","2018-05-28 11:46:58",,26,,
330,"İskilip","iskilip","2018-05-28 11:46:58","2018-05-28 11:46:58",,26,,
331,"Kargı","kargi","2018-05-28 11:46:58","2018-05-28 11:46:58",,26,,
332,"Laçin","lacin","2018-05-28 11:46:58","2018-05-28 11:46:58",,26,,
333,"Mecitözü","mecitozu","2018-05-28 11:46:58","2018-05-28 11:46:58",,26,,
334,"Merkez","merkez","2018-05-28 11:46:58","2018-05-28 11:46:58",,26,,
335,"Oğuzlar","oguzlar","2018-05-28 11:46:58","2018-05-28 11:46:58",,26,,
336,"Ortaköy","ortakoy","2018-05-28 11:46:58","2018-05-28 11:46:58",,26,,
337,"Osmancık","osmancik","2018-05-28 11:46:58","2018-05-28 11:46:58",,26,,
338,"Sungurlu","sungurlu","2018-05-28 11:46:58","2018-05-28 11:46:58",,26,,
339,"Uğurludağ","ugurludag","2018-05-28 11:46:58","2018-05-28 11:46:58",,26,,
340,"Acıpayam","acipayam","2018-05-28 11:46:58","2018-05-28 11:46:58",,27,,
341,"Babadağ","babadag","2018-05-28 11:46:58","2018-05-28 11:46:58",,27,,
342,"Baklan","baklan","2018-05-28 11:46:58","2018-05-28 11:46:58",,27,,
343,"Bekilli","bekilli","2018-05-28 11:46:58","2018-05-28 11:46:58",,27,,
344,"Beyağaç","beyagac","2018-05-28 11:46:58","2018-05-28 11:46:58",,27,,
345,"Bozkurt","bozkurt","2018-05-28 11:46:58","2018-05-28 11:46:58",,27,,
346,"Buldan","buldan","2018-05-28 11:46:58","2018-05-28 11:46:58",,27,,
347,"Çal","cal","2018-05-28 11:46:58","2018-05-28 11:46:58",,27,,
348,"Çameli","cameli","2018-05-28 11:46:58","2018-05-28 11:46:58",,27,,
349,"Çardak","cardak","2018-05-28 11:46:58","2018-05-28 11:46:58",,27,,
350,"Çivril","civril","2018-05-28 11:46:58","2018-05-28 11:46:58",,27,,
351,"Güney","guney","2018-05-28 11:46:58","2018-05-28 11:46:58",,27,,
352,"Honaz","honaz","2018-05-28 11:46:58","2018-05-28 11:46:58",,27,,
353,"Kale","kale","2018-05-28 11:46:58","2018-05-28 11:46:58",,27,,
354,"Merkezefendi","merkezefendi","2018-05-28 11:46:58","2018-05-28 11:46:58",,27,,
355,"Pamukkale","pamukkale","2018-05-28 11:46:58","2018-05-28 11:46:58",,27,,
356,"Sarayköy","saraykoy","2018-05-28 11:46:59","2018-05-28 11:46:59",,27,,
357,"Serinhisar","serinhisar","2018-05-28 11:46:59","2018-05-28 11:46:59",,27,,
358,"Tavas","tavas","2018-05-28 11:46:59","2018-05-28 11:46:59",,27,,
359,"Bağlar","baglar","2018-05-28 11:46:59","2018-05-28 11:46:59",,28,,
360,"Bismil","bismil","2018-05-28 11:46:59","2018-05-28 11:46:59",,28,,
361,"Çermik","cermik","2018-05-28 11:46:59","2018-05-28 11:46:59",,28,,
362,"Çınar","cinar","2018-05-28 11:46:59","2018-05-28 11:46:59",,28,,
363,"Çüngüş","cungus","2018-05-28 11:46:59","2018-05-28 11:46:59",,28,,
364,"Dicle","dicle","2018-05-28 11:46:59","2018-05-28 11:46:59",,28,,
365,"Eğil","egil","2018-05-28 11:46:59","2018-05-28 11:46:59",,28,,
366,"Ergani","ergani","2018-05-28 11:46:59","2018-05-28 11:46:59",,28,,
367,"Hani","hani","2018-05-28 11:46:59","2018-05-28 11:46:59",,28,,
368,"Hazro","hazro","2018-05-28 11:46:59","2018-05-28 11:46:59",,28,,
369,"Kayapınar","kayapinar","2018-05-28 11:46:59","2018-05-28 11:46:59",,28,,
370,"Kocaköy","kocakoy","2018-05-28 11:46:59","2018-05-28 11:46:59",,28,,
371,"Kulp","kulp","2018-05-28 11:46:59","2018-05-28 11:46:59",,28,,
372,"Lice","lice","2018-05-28 11:46:59","2018-05-28 11:46:59",,28,,
373,"Silvan","silvan","2018-05-28 11:46:59","2018-05-28 11:46:59",,28,,
374,"Sur","sur","2018-05-28 11:46:59","2018-05-28 11:46:59",,28,,
375,"Yenişehir","yenisehir","2018-05-28 11:46:59","2018-05-28 11:46:59",,28,,
376,"Başiskele","basiskele","2018-05-28 11:46:59","2018-05-28 11:46:59",,29,,
377,"Çayırova","cayirova","2018-05-28 11:46:59","2018-05-28 11:46:59",,29,,
378,"Darıca","darica","2018-05-28 11:46:59","2018-05-28 11:46:59",,29,,
379,"Derince","derince","2018-05-28 11:46:59","2018-05-28 11:46:59",,29,,
380,"Dilovası","dilovasi","2018-05-28 11:46:59","2018-05-28 11:46:59",,29,,
381,"Gebze","gebze","2018-05-28 11:46:59","2018-05-28 11:46:59",,29,,
382,"Gölcük","golcuk","2018-05-28 11:46:59","2018-05-28 11:46:59",,29,,
383,"İzmit","izmit","2018-05-28 11:46:59","2018-05-28 11:46:59",,29,,
384,"Kandıra","kandira","2018-05-28 11:46:59","2018-05-28 11:46:59",,29,,
385,"Karamürsel","karamursel","2018-05-28 11:46:59","2018-05-28 11:46:59",,29,,
386,"Kartepe","kartepe","2018-05-28 11:46:59","2018-05-28 11:46:59",,29,,
387,"Körfez","korfez","2018-05-28 11:46:59","2018-05-28 11:46:59",,29,,
388,"Ahırlı","ahirli","2018-05-28 11:46:59","2018-05-28 11:46:59",,30,,
389,"Akören","akoren","2018-05-28 11:46:59","2018-05-28 11:46:59",,30,,
390,"Akşehir","aksehir","2018-05-28 11:46:59","2018-05-28 11:46:59",,30,,
391,"Altınekin","altinekin","2018-05-28 11:46:59","2018-05-28 11:46:59",,30,,
392,"Beyşehir","beysehir","2018-05-28 11:46:59","2018-05-28 11:46:59",,30,,
393,"Bozkır","bozkir","2018-05-28 11:46:59","2018-05-28 11:46:59",,30,,
394,"Cihanbeyli","cihanbeyli","2018-05-28 11:46:59","2018-05-28 11:46:59",,30,,
395,"Çeltik","celtik","2018-05-28 11:46:59","2018-05-28 11:46:59",,30,,
396,"Çumra","cumra","2018-05-28 11:46:59","2018-05-28 11:46:59",,30,,
397,"Derbent","derbent","2018-05-28 11:46:59","2018-05-28 11:46:59",,30,,
398,"Derebucak","derebucak","2018-05-28 11:46:59","2018-05-28 11:46:59",,30,,
399,"Doğanhisar","doganhisar","2018-05-28 11:46:59","2018-05-28 11:46:59",,30,,
400,"Emirgazi","emirgazi","2018-05-28 11:46:59","2018-05-28 11:46:59",,30,,
401,"Ereğli","eregli","2018-05-28 11:46:59","2018-05-28 11:46:59",,30,,
402,"Güneysınır","guneysinir","2018-05-28 11:46:59","2018-05-28 11:46:59",,30,,
403,"Hadim","hadim","2018-05-28 11:46:59","2018-05-28 11:46:59",,30,,
404,"Halkapınar","halkapinar","2018-05-28 11:46:59","2018-05-28 11:46:59",,30,,
405,"Hüyük","huyuk","2018-05-28 11:46:59","2018-05-28 11:46:59",,30,,
406,"Ilgın","ilgin","2018-05-28 11:46:59","2018-05-28 11:46:59",,30,,
407,"Kadınhanı","kadinhani","2018-05-28 11:46:59","2018-05-28 11:46:59",,30,,
408,"Karapınar","karapinar","2018-05-28 11:46:59","2018-05-28 11:46:59",,30,,
409,"Karatay","karatay","2018-05-28 11:46:59","2018-05-28 11:46:59",,30,,
410,"Kulu","kulu","2018-05-28 11:46:59","2018-05-28 11:46:59",,30,,
411,"Meram","meram","2018-05-28 11:46:59","2018-05-28 11:46:59",,30,,
412,"Sarayönü","sarayonu","2018-05-28 11:46:59","2018-05-28 11:46:59",,30,,
413,"Selçuklu","selcuklu","2018-05-28 11:46:59","2018-05-28 11:46:59",,30,,
414,"Seydişehir","seydisehir","2018-05-28 11:46:59","2018-05-28 11:46:59",,30,,
415,"Taşkent","taskent","2018-05-28 11:46:59","2018-05-28 11:46:59",,30,,
416,"Tuzlukçu","tuzlukcu","2018-05-28 11:46:59","2018-05-28 11:46:59",,30,,
417,"Yalıhüyük","yalihuyuk","2018-05-28 11:46:59","2018-05-28 11:46:59",,30,,
418,"Yunak","yunak","2018-05-28 11:46:59","2018-05-28 11:46:59",,30,,
419,"Altıntaş","altintas","2018-05-28 11:46:59","2018-05-28 11:46:59",,31,,
420,"Aslanapa","aslanapa","2018-05-28 11:46:59","2018-05-28 11:46:59",,31,,
421,"Çavdarhisar","cavdarhisar","2018-05-28 11:46:59","2018-05-28 11:46:59",,31,,
422,"Domaniç","domanic","2018-05-28 11:46:59","2018-05-28 11:46:59",,31,,
423,"Dumlupınar","dumlupinar","2018-05-28 11:46:59","2018-05-28 11:46:59",,31,,
424,"Emet","emet","2018-05-28 11:46:59","2018-05-28 11:46:59",,31,,
425,"Gediz","gediz","2018-05-28 11:46:59","2018-05-28 11:46:59",,31,,
426,"Hisarcık","hisarcik","2018-05-28 11:46:59","2018-05-28 11:46:59",,31,,
427,"Merkez","merkez","2018-05-28 11:46:59","2018-05-28 11:46:59",,31,,
428,"Pazarlar","pazarlar","2018-05-28 11:46:59","2018-05-28 11:46:59",,31,,
429,"Simav","simav","2018-05-28 11:46:59","2018-05-28 11:46:59",,31,,
430,"Şaphane","saphane","2018-05-28 11:46:59","2018-05-28 11:46:59",,31,,
431,"Tavşanlı","tavsanli","2018-05-28 11:46:59","2018-05-28 11:46:59",,31,,
432,"Akçadağ","akcadag","2018-05-28 11:46:59","2018-05-28 11:46:59",,32,,
433,"Arapgir","arapgir","2018-05-28 11:46:59","2018-05-28 11:46:59",,32,,
434,"Arguvan","arguvan","2018-05-28 11:46:59","2018-05-28 11:46:59",,32,,
435,"Battalgazi","battalgazi","2018-05-28 11:46:59","2018-05-28 11:46:59",,32,,
436,"Darende","darende","2018-05-28 11:46:59","2018-05-28 11:46:59",,32,,
437,"Doğanşehir","dogansehir","2018-05-28 11:46:59","2018-05-28 11:46:59",,32,,
438,"Doğanyol","doganyol","2018-05-28 11:46:59","2018-05-28 11:46:59",,32,,
439,"Hekimhan","hekimhan","2018-05-28 11:46:59","2018-05-28 11:46:59",,32,,
440,"Kale","kale","2018-05-28 11:46:59","2018-05-28 11:46:59",,32,,
441,"Kuluncak","kuluncak","2018-05-28 11:46:59","2018-05-28 11:46:59",,32,,
442,"Pütürge","puturge","2018-05-28 11:46:59","2018-05-28 11:46:59",,32,,
443,"Yazıhan","yazihan","2018-05-28 11:46:59","2018-05-28 11:46:59",,32,,
444,"Yeşilyurt","yesilyurt","2018-05-28 11:46:59","2018-05-28 11:46:59",,32,,
445,"Ahmetli","ahmetli","2018-05-28 11:46:59","2018-05-28 11:46:59",,33,,
446,"Akhisar","akhisar","2018-05-28 11:46:59","2018-05-28 11:46:59",,33,,
447,"Alaşehir","alasehir","2018-05-28 11:46:59","2018-05-28 11:46:59",,33,,
448,"Demirci","demirci","2018-05-28 11:46:59","2018-05-28 11:46:59",,33,,
449,"Gölmarmara","golmarmara","2018-05-28 11:46:59","2018-05-28 11:46:59",,33,,
450,"Gördes","gordes","2018-05-28 11:46:59","2018-05-28 11:46:59",,33,,
451,"Kırkağaç","kirkagac","2018-05-28 11:46:59","2018-05-28 11:46:59",,33,,
452,"Köprübaşı","koprubasi","2018-05-28 11:46:59","2018-05-28 11:46:59",,33,,
453,"Kula","kula","2018-05-28 11:46:59","2018-05-28 11:46:59",,33,,
454,"Salihli","salihli","2018-05-28 11:46:59","2018-05-28 11:46:59",,33,,
455,"Sarıgöl","sarigol","2018-05-28 11:46:59","2018-05-28 11:46:59",,33,,
456,"Saruhanlı","saruhanli","2018-05-28 11:46:59","2018-05-28 11:46:59",,33,,
457,"Selendi","selendi","2018-05-28 11:46:59","2018-05-28 11:46:59",,33,,
458,"Soma","soma","2018-05-28 11:46:59","2018-05-28 11:46:59",,33,,
459,"Şehzadeler","sehzadeler","2018-05-28 11:46:59","2018-05-28 11:46:59",,33,,
460,"Turgutlu","turgutlu","2018-05-28 11:46:59","2018-05-28 11:46:59",,33,,
461,"Yunusemre","yunusemre","2018-05-28 11:46:59","2018-05-28 11:46:59",,33,,
462,"Artuklu","artuklu","2018-05-28 11:46:59","2018-05-28 11:46:59",,34,,
463,"Dargeçit","dargecit","2018-05-28 11:46:59","2018-05-28 11:46:59",,34,,
464,"Derik","derik","2018-05-28 11:46:59","2018-05-28 11:46:59",,34,,
465,"Kızıltepe","kiziltepe","2018-05-28 11:46:59","2018-05-28 11:46:59",,34,,
466,"Mazıdağı","mazidagi","2018-05-28 11:46:59","2018-05-28 11:46:59",,34,,
467,"Midyat","midyat","2018-05-28 11:46:59","2018-05-28 11:46:59",,34,,
468,"Nusaybin","nusaybin","2018-05-28 11:46:59","2018-05-28 11:46:59",,34,,
469,"Ömerli","omerli","2018-05-28 11:46:59","2018-05-28 11:46:59",,34,,
470,"Savur","savur","2018-05-28 11:46:59","2018-05-28 11:46:59",,34,,
471,"Yeşilli","yesilli","2018-05-28 11:46:59","2018-05-28 11:46:59",,34,,
472,"Akdeniz","akdeniz","2018-05-28 11:46:59","2018-05-28 11:46:59",,35,,
473,"Anamur","anamur","2018-05-28 11:46:59","2018-05-28 11:46:59",,35,,
474,"Aydıncık","aydincik","2018-05-28 11:46:59","2018-05-28 11:46:59",,35,,
475,"Bozyazı","bozyazi","2018-05-28 11:46:59","2018-05-28 11:46:59",,35,,
476,"Çamlıyayla","camliyayla","2018-05-28 11:46:59","2018-05-28 11:46:59",,35,,
477,"Erdemli","erdemli","2018-05-28 11:46:59","2018-05-28 11:46:59",,35,,
478,"Gülnar","gulnar","2018-05-28 11:46:59","2018-05-28 11:46:59",,35,,
479,"Mezitli","mezitli","2018-05-28 11:46:59","2018-05-28 11:46:59",,35,,
480,"Mut","mut","2018-05-28 11:46:59","2018-05-28 11:46:59",,35,,
481,"Silifke","silifke","2018-05-28 11:46:59","2018-05-28 11:46:59",,35,,
482,"Tarsus","tarsus","2018-05-28 11:46:59","2018-05-28 11:46:59",,35,,
483,"Toroslar","toroslar","2018-05-28 11:46:59","2018-05-28 11:46:59",,35,,
484,"Yenişehir","yenisehir","2018-05-28 11:46:59","2018-05-28 11:46:59",,35,,
485,"Bodrum","bodrum","2018-05-28 11:46:59","2018-05-28 11:46:59",,36,,
486,"Dalaman","dalaman","2018-05-28 11:46:59","2018-05-28 11:46:59",,36,,
487,"Datça","datca","2018-05-28 11:46:59","2018-05-28 11:46:59",,36,,
488,"Fethiye","fethiye","2018-05-28 11:46:59","2018-05-28 11:46:59",,36,,
489,"Kavaklıdere","kavaklidere","2018-05-28 11:46:59","2018-05-28 11:46:59",,36,,
490,"Köyceğiz","koycegiz","2018-05-28 11:46:59","2018-05-28 11:46:59",,36,,
491,"Marmaris","marmaris","2018-05-28 11:46:59","2018-05-28 11:46:59",,36,,
492,"Menteşe","mentese","2018-05-28 11:46:59","2018-05-28 11:46:59",,36,,
493,"Milas","milas","2018-05-28 11:46:59","2018-05-28 11:46:59",,36,,
494,"Ortaca","ortaca","2018-05-28 11:46:59","2018-05-28 11:46:59",,36,,
495,"Seydikemer","seydikemer","2018-05-28 11:46:59","2018-05-28 11:46:59",,36,,
496,"Ula","ula","2018-05-28 11:46:59","2018-05-28 11:46:59",,36,,
497,"Yatağan","yatagan","2018-05-28 11:46:59","2018-05-28 11:46:59",,36,,
498,"Bulanık","bulanik","2018-05-28 11:46:59","2018-05-28 11:46:59",,37,,
499,"Hasköy","haskoy","2018-05-28 11:46:59","2018-05-28 11:46:59",,37,,
500,"Korkut","korkut","2018-05-28 11:46:59","2018-05-28 11:46:59",,37,,
501,"Malazgirt","malazgirt","2018-05-28 11:46:59","2018-05-28 11:46:59",,37,,
502,"Merkez","merkez","2018-05-28 11:46:59","2018-05-28 11:46:59",,37,,
503,"Varto","varto","2018-05-28 11:46:59","2018-05-28 11:46:59",,37,,
504,"Acıgöl","acigol","2018-05-28 11:46:59","2018-05-28 11:46:59",,38,,
505,"Avanos","avanos","2018-05-28 11:46:59","2018-05-28 11:46:59",,38,,
506,"Derinkuyu","derinkuyu","2018-05-28 11:46:59","2018-05-28 11:46:59",,38,,
507,"Gülşehir","gulsehir","2018-05-28 11:46:59","2018-05-28 11:46:59",,38,,
508,"Hacıbektaş","hacibektas","2018-05-28 11:46:59","2018-05-28 11:46:59",,38,,
509,"Kozaklı","kozakli","2018-05-28 11:46:59","2018-05-28 11:46:59",,38,,
510,"Merkez","merkez","2018-05-28 11:46:59","2018-05-28 11:46:59",,38,,
511,"Ürgüp","urgup","2018-05-28 11:46:59","2018-05-28 11:46:59",,38,,
512,"Altunhisar","altunhisar","2018-05-28 11:46:59","2018-05-28 11:46:59",,39,,
513,"Bor","bor","2018-05-28 11:46:59","2018-05-28 11:46:59",,39,,
514,"Çamardı","camardi","2018-05-28 11:46:59","2018-05-28 11:46:59",,39,,
515,"Çiftlik","ciftlik","2018-05-28 11:47:00","2018-05-28 11:47:00",,39,,
516,"Merkez","merkez","2018-05-28 11:47:00","2018-05-28 11:47:00",,39,,
517,"Ulukışla","ulukisla","2018-05-28 11:47:00","2018-05-28 11:47:00",,39,,
518,"Akkuş","akkus","2018-05-28 11:47:00","2018-05-28 11:47:00",,40,,
519,"Altınordu","altinordu","2018-05-28 11:47:00","2018-05-28 11:47:00",,40,,
520,"Aybastı","aybasti","2018-05-28 11:47:00","2018-05-28 11:47:00",,40,,
521,"Çamaş","camas","2018-05-28 11:47:00","2018-05-28 11:47:00",,40,,
522,"Çatalpınar","catalpinar","2018-05-28 11:47:00","2018-05-28 11:47:00",,40,,
523,"Çaybaşı","caybasi","2018-05-28 11:47:00","2018-05-28 11:47:00",,40,,
524,"Fatsa","fatsa","2018-05-28 11:47:00","2018-05-28 11:47:00",,40,,
525,"Gölköy","golkoy","2018-05-28 11:47:00","2018-05-28 11:47:00",,40,,
526,"Gülyalı","gulyali","2018-05-28 11:47:00","2018-05-28 11:47:00",,40,,
527,"Gürgentepe","gurgentepe","2018-05-28 11:47:00","2018-05-28 11:47:00",,40,,
528,"İkizce","ikizce","2018-05-28 11:47:00","2018-05-28 11:47:00",,40,,
529,"Kabadüz","kabaduz","2018-05-28 11:47:00","2018-05-28 11:47:00",,40,,
530,"Kabataş","kabatas","2018-05-28 11:47:00","2018-05-28 11:47:00",,40,,
531,"Korgan","korgan","2018-05-28 11:47:00","2018-05-28 11:47:00",,40,,
532,"Kumru","kumru","2018-05-28 11:47:00","2018-05-28 11:47:00",,40,,
533,"Mesudiye","mesudiye","2018-05-28 11:47:00","2018-05-28 11:47:00",,40,,
534,"Perşembe","persembe","2018-05-28 11:47:00","2018-05-28 11:47:00",,40,,
535,"Ulubey","ulubey","2018-05-28 11:47:00","2018-05-28 11:47:00",,40,,
536,"Ünye","unye","2018-05-28 11:47:00","2018-05-28 11:47:00",,40,,
537,"Bahçe","bahce","2018-05-28 11:47:00","2018-05-28 11:47:00",,41,,
538,"Düziçi","duzici","2018-05-28 11:47:00","2018-05-28 11:47:00",,41,,
539,"Hasanbeyli","hasanbeyli","2018-05-28 11:47:00","2018-05-28 11:47:00",,41,,
540,"Kadirli","kadirli","2018-05-28 11:47:00","2018-05-28 11:47:00",,41,,
541,"Merkez","merkez","2018-05-28 11:47:00","2018-05-28 11:47:00",,41,,
542,"Sumbas","sumbas","2018-05-28 11:47:00","2018-05-28 11:47:00",,41,,
543,"Toprakkale","toprakkale","2018-05-28 11:47:00","2018-05-28 11:47:00",,41,,
544,"Ardeşen","ardesen","2018-05-28 11:47:00","2018-05-28 11:47:00",,42,,
545,"Çamlıhemşin","camlihemsin","2018-05-28 11:47:00","2018-05-28 11:47:00",,42,,
546,"Çayeli","cayeli","2018-05-28 11:47:00","2018-05-28 11:47:00",,42,,
547,"Derepazarı","derepazari","2018-05-28 11:47:00","2018-05-28 11:47:00",,42,,
548,"Fındıklı","findikli","2018-05-28 11:47:00","2018-05-28 11:47:00",,42,,
549,"Güneysu","guneysu","2018-05-28 11:47:00","2018-05-28 11:47:00",,42,,
550,"Hemşin","hemsin","2018-05-28 11:47:00","2018-05-28 11:47:00",,42,,
551,"İkizdere","ikizdere","2018-05-28 11:47:00","2018-05-28 11:47:00",,42,,
552,"İyidere","iyidere","2018-05-28 11:47:00","2018-05-28 11:47:00",,42,,
553,"Kalkandere","kalkandere","2018-05-28 11:47:00","2018-05-28 11:47:00",,42,,
554,"Merkez","merkez","2018-05-28 11:47:00","2018-05-28 11:47:00",,42,,
555,"Pazar","pazar","2018-05-28 11:47:00","2018-05-28 11:47:00",,42,,
556,"Adapazarı","adapazari","2018-05-28 11:47:00","2018-05-28 11:47:00",,43,,
557,"Akyazı","akyazi","2018-05-28 11:47:00","2018-05-28 11:47:00",,43,,
558,"Arifiye","arifiye","2018-05-28 11:47:00","2018-05-28 11:47:00",,43,,
559,"Erenler","erenler","2018-05-28 11:47:00","2018-05-28 11:47:00",,43,,
560,"Ferizli","ferizli","2018-05-28 11:47:00","2018-05-28 11:47:00",,43,,
561,"Geyve","geyve","2018-05-28 11:47:00","2018-05-28 11:47:00",,43,,
562,"Hendek","hendek","2018-05-28 11:47:00","2018-05-28 11:47:00",,43,,
563,"Karapürçek","karapurcek","2018-05-28 11:47:00","2018-05-28 11:47:00",,43,,
564,"Karasu","karasu","2018-05-28 11:47:00","2018-05-28 11:47:00",,43,,
565,"Kaynarca","kaynarca","2018-05-28 11:47:00","2018-05-28 11:47:00",,43,,
566,"Kocaali","kocaali","2018-05-28 11:47:00","2018-05-28 11:47:00",,43,,
567,"Pamukova","pamukova","2018-05-28 11:47:00","2018-05-28 11:47:00",,43,,
568,"Sapanca","sapanca","2018-05-28 11:47:00","2018-05-28 11:47:00",,43,,
569,"Serdivan","serdivan","2018-05-28 11:47:00","2018-05-28 11:47:00",,43,,
570,"Söğütlü","sogutlu","2018-05-28 11:47:00","2018-05-28 11:47:00",,43,,
571,"Taraklı","tarakli","2018-05-28 11:47:00","2018-05-28 11:47:00",,43,,
572,"Alaçam","alacam","2018-05-28 11:47:00","2018-05-28 11:47:00",,44,,
573,"Asarcık","asarcik","2018-05-28 11:47:00","2018-05-28 11:47:00",,44,,
574,"Atakum","atakum","2018-05-28 11:47:00","2018-05-28 11:47:00",,44,,
575,"Ayvacık","ayvacik","2018-05-28 11:47:00","2018-05-28 11:47:00",,44,,
576,"Bafra","bafra","2018-05-28 11:47:00","2018-05-28 11:47:00",,44,,
577,"Canik","canik","2018-05-28 11:47:00","2018-05-28 11:47:00",,44,,
578,"Çarşamba","carsamba","2018-05-28 11:47:00","2018-05-28 11:47:00",,44,,
579,"Havza","havza","2018-05-28 11:47:00","2018-05-28 11:47:00",,44,,
580,"İlkadım","ilkadim","2018-05-28 11:47:00","2018-05-28 11:47:00",,44,,
581,"Kavak","kavak","2018-05-28 11:47:00","2018-05-28 11:47:00",,44,,
582,"Ladik","ladik","2018-05-28 11:47:00","2018-05-28 11:47:00",,44,,
583,"Salıpazarı","salipazari","2018-05-28 11:47:00","2018-05-28 11:47:00",,44,,
584,"Tekkeköy","tekkekoy","2018-05-28 11:47:00","2018-05-28 11:47:00",,44,,
585,"Terme","terme","2018-05-28 11:47:00","2018-05-28 11:47:00",,44,,
586,"Vezirköprü","vezirkopru","2018-05-28 11:47:00","2018-05-28 11:47:00",,44,,
587,"Yakakent","yakakent","2018-05-28 11:47:00","2018-05-28 11:47:00",,44,,
588,"19 Mayıs","19-mayis","2018-05-28 11:47:00","2018-05-28 11:47:00",,44,,
589,"Baykan","baykan","2018-05-28 11:47:00","2018-05-28 11:47:00",,45,,
590,"Eruh","eruh","2018-05-28 11:47:00","2018-05-28 11:47:00",,45,,
591,"Kurtalan","kurtalan","2018-05-28 11:47:00","2018-05-28 11:47:00",,45,,
592,"Merkez","merkez","2018-05-28 11:47:00","2018-05-28 11:47:00",,45,,
593,"Pervari","pervari","2018-05-28 11:47:00","2018-05-28 11:47:00",,45,,
594,"Şirvan","sirvan","2018-05-28 11:47:00","2018-05-28 11:47:00",,45,,
595,"Tillo","tillo","2018-05-28 11:47:00","2018-05-28 11:47:00",,45,,
596,"Ayancık","ayancik","2018-05-28 11:47:00","2018-05-28 11:47:00",,46,,
597,"Boyabat","boyabat","2018-05-28 11:47:00","2018-05-28 11:47:00",,46,,
598,"Dikmen","dikmen","2018-05-28 11:47:00","2018-05-28 11:47:00",,46,,
599,"Durağan","duragan","2018-05-28 11:47:00","2018-05-28 11:47:00",,46,,
600,"Erfelek","erfelek","2018-05-28 11:47:00","2018-05-28 11:47:00",,46,,
601,"Gerze","gerze","2018-05-28 11:47:00","2018-05-28 11:47:00",,46,,
602,"Merkez","merkez","2018-05-28 11:47:00","2018-05-28 11:47:00",,46,,
603,"Saraydüzü","sarayduzu","2018-05-28 11:47:00","2018-05-28 11:47:00",,46,,
604,"Türkeli","turkeli","2018-05-28 11:47:00","2018-05-28 11:47:00",,46,,
605,"Beytüşşebap","beytussebap","2018-05-28 11:47:00","2018-05-28 11:47:00",,47,,
606,"Cizre","cizre","2018-05-28 11:47:00","2018-05-28 11:47:00",,47,,
607,"Güçlükonak","guclukonak","2018-05-28 11:47:00","2018-05-28 11:47:00",,47,,
608,"İdil","idil","2018-05-28 11:47:00","2018-05-28 11:47:00",,47,,
609,"Merkez","merkez","2018-05-28 11:47:00","2018-05-28 11:47:00",,47,,
610,"Silopi","silopi","2018-05-28 11:47:00","2018-05-28 11:47:00",,47,,
611,"Uludere","uludere","2018-05-28 11:47:00","2018-05-28 11:47:00",,47,,
612,"Akıncılar","akincilar","2018-05-28 11:47:00","2018-05-28 11:47:00",,48,,
613,"Altınyayla","altinyayla","2018-05-28 11:47:00","2018-05-28 11:47:00",,48,,
614,"Divriği","divrigi","2018-05-28 11:47:00","2018-05-28 11:47:00",,48,,
615,"Doğanşar","dogansar","2018-05-28 11:47:00","2018-05-28 11:47:00",,48,,
616,"Gemerek","gemerek","2018-05-28 11:47:00","2018-05-28 11:47:00",,48,,
617,"Gölova","golova","2018-05-28 11:47:00","2018-05-28 11:47:00",,48,,
618,"Gürün","gurun","2018-05-28 11:47:00","2018-05-28 11:47:00",,48,,
619,"Hafik","hafik","2018-05-28 11:47:00","2018-05-28 11:47:00",,48,,
620,"İmranlı","imranli","2018-05-28 11:47:00","2018-05-28 11:47:00",,48,,
621,"Kangal","kangal","2018-05-28 11:47:00","2018-05-28 11:47:00",,48,,
622,"Koyulhisar","koyulhisar","2018-05-28 11:47:00","2018-05-28 11:47:00",,48,,
623,"Merkez","merkez","2018-05-28 11:47:00","2018-05-28 11:47:00",,48,,
624,"Suşehri","susehri","2018-05-28 11:47:00","2018-05-28 11:47:00",,48,,
625,"Şarkışla","sarkisla","2018-05-28 11:47:00","2018-05-28 11:47:00",,48,,
626,"Ulaş","ulas","2018-05-28 11:47:00","2018-05-28 11:47:00",,48,,
627,"Yıldızeli","yildizeli","2018-05-28 11:47:00","2018-05-28 11:47:00",,48,,
628,"Zara","zara","2018-05-28 11:47:00","2018-05-28 11:47:00",,48,,
629,"Çerkezköy","cerkezkoy","2018-05-28 11:47:00","2018-05-28 11:47:00",,49,,
630,"Çorlu","corlu","2018-05-28 11:47:00","2018-05-28 11:47:00",,49,,
631,"Ergene","ergene","2018-05-28 11:47:00","2018-05-28 11:47:00",,49,,
632,"Hayrabolu","hayrabolu","2018-05-28 11:47:00","2018-05-28 11:47:00",,49,,
633,"Kapaklı","kapakli","2018-05-28 11:47:00","2018-05-28 11:47:00",,49,,
634,"Malkara","malkara","2018-05-28 11:47:00","2018-05-28 11:47:00",,49,,
635,"Marmaraereğlisi","marmaraereglisi","2018-05-28 11:47:00","2018-05-28 11:47:00",,49,,
636,"Muratlı","muratli","2018-05-28 11:47:00","2018-05-28 11:47:00",,49,,
637,"Saray","saray","2018-05-28 11:47:00","2018-05-28 11:47:00",,49,,
638,"Süleymanpaşa","suleymanpasa","2018-05-28 11:47:00","2018-05-28 11:47:00",,49,,
639,"Şarköy","sarkoy","2018-05-28 11:47:00","2018-05-28 11:47:00",,49,,
640,"Almus","almus","2018-05-28 11:47:00","2018-05-28 11:47:00",,50,,
641,"Artova","artova","2018-05-28 11:47:00","2018-05-28 11:47:00",,50,,
642,"Başçiftlik","basciftlik","2018-05-28 11:47:00","2018-05-28 11:47:00",,50,,
643,"Erbaa","erbaa","2018-05-28 11:47:00","2018-05-28 11:47:00",,50,,
644,"Merkez","merkez","2018-05-28 11:47:00","2018-05-28 11:47:00",,50,,
645,"Niksar","niksar","2018-05-28 11:47:00","2018-05-28 11:47:00",,50,,
646,"Pazar","pazar","2018-05-28 11:47:00","2018-05-28 11:47:00",,50,,
647,"Reşadiye","resadiye","2018-05-28 11:47:00","2018-05-28 11:47:00",,50,,
648,"Sulusaray","sulusaray","2018-05-28 11:47:00","2018-05-28 11:47:00",,50,,
649,"Turhal","turhal","2018-05-28 11:47:00","2018-05-28 11:47:00",,50,,
650,"Yeşilyurt","yesilyurt","2018-05-28 11:47:00","2018-05-28 11:47:00",,50,,
651,"Zile","zile","2018-05-28 11:47:00","2018-05-28 11:47:00",,50,,
652,"Akçaabat","akcaabat","2018-05-28 11:47:00","2018-05-28 11:47:00",,51,,
653,"Araklı","arakli","2018-05-28 11:47:00","2018-05-28 11:47:00",,51,,
654,"Arsin","arsin","2018-05-28 11:47:00","2018-05-28 11:47:00",,51,,
655,"Beşikdüzü","besikduzu","2018-05-28 11:47:00","2018-05-28 11:47:00",,51,,
656,"Çarşıbaşı","carsibasi","2018-05-28 11:47:00","2018-05-28 11:47:00",,51,,
657,"Çaykara","caykara","2018-05-28 11:47:00","2018-05-28 11:47:00",,51,,
658,"Dernekpazarı","dernekpazari","2018-05-28 11:47:00","2018-05-28 11:47:00",,51,,
659,"Düzköy","duzkoy","2018-05-28 11:47:00","2018-05-28 11:47:00",,51,,
660,"Hayrat","hayrat","2018-05-28 11:47:00","2018-05-28 11:47:00",,51,,
661,"Köprübaşı","koprubasi","2018-05-28 11:47:00","2018-05-28 11:47:00",,51,,
662,"Maçka","macka","2018-05-28 11:47:00","2018-05-28 11:47:00",,51,,
663,"Of","of","2018-05-28 11:47:00","2018-05-28 11:47:00",,51,,
664,"Ortahisar","ortahisar","2018-05-28 11:47:01","2018-05-28 11:47:01",,51,,
665,"Sürmene","surmene","2018-05-28 11:47:01","2018-05-28 11:47:01",,51,,
666,"Şalpazarı","salpazari","2018-05-28 11:47:01","2018-05-28 11:47:01",,51,,
667,"Tonya","tonya","2018-05-28 11:47:01","2018-05-28 11:47:01",,51,,
668,"Vakfıkebir","vakfikebir","2018-05-28 11:47:01","2018-05-28 11:47:01",,51,,
669,"Yomra","yomra","2018-05-28 11:47:01","2018-05-28 11:47:01",,51,,
670,"Çemişgezek","cemisgezek","2018-05-28 11:47:01","2018-05-28 11:47:01",,52,,
671,"Hozat","hozat","2018-05-28 11:47:01","2018-05-28 11:47:01",,52,,
672,"Mazgirt","mazgirt","2018-05-28 11:47:01","2018-05-28 11:47:01",,52,,
673,"Merkez","merkez","2018-05-28 11:47:01","2018-05-28 11:47:01",,52,,
674,"Nazımiye","nazimiye","2018-05-28 11:47:01","2018-05-28 11:47:01",,52,,
675,"Ovacık","ovacik","2018-05-28 11:47:01","2018-05-28 11:47:01",,52,,
676,"Pertek","pertek","2018-05-28 11:47:01","2018-05-28 11:47:01",,52,,
677,"Pülümür","pulumur","2018-05-28 11:47:01","2018-05-28 11:47:01",,52,,
678,"Akçakale","akcakale","2018-05-28 11:47:01","2018-05-28 11:47:01",,53,,
679,"Birecik","birecik","2018-05-28 11:47:01","2018-05-28 11:47:01",,53,,
680,"Bozova","bozova","2018-05-28 11:47:01","2018-05-28 11:47:01",,53,,
681,"Ceylanpınar","ceylanpinar","2018-05-28 11:47:01","2018-05-28 11:47:01",,53,,
682,"Eyyübiye","eyyubiye","2018-05-28 11:47:01","2018-05-28 11:47:01",,53,,
683,"Halfeti","halfeti","2018-05-28 11:47:01","2018-05-28 11:47:01",,53,,
684,"Haliliye","haliliye","2018-05-28 11:47:01","2018-05-28 11:47:01",,53,,
685,"Harran","harran","2018-05-28 11:47:01","2018-05-28 11:47:01",,53,,
686,"Hilvan","hilvan","2018-05-28 11:47:01","2018-05-28 11:47:01",,53,,
687,"Karaköprü","karakopru","2018-05-28 11:47:01","2018-05-28 11:47:01",,53,,
688,"Siverek","siverek","2018-05-28 11:47:01","2018-05-28 11:47:01",,53,,
689,"Suruç","suruc","2018-05-28 11:47:01","2018-05-28 11:47:01",,53,,
690,"Viranşehir","viransehir","2018-05-28 11:47:01","2018-05-28 11:47:01",,53,,
691,"Banaz","banaz","2018-05-28 11:47:01","2018-05-28 11:47:01",,54,,
692,"Eşme","esme","2018-05-28 11:47:01","2018-05-28 11:47:01",,54,,
693,"Karahallı","karahalli","2018-05-28 11:47:01","2018-05-28 11:47:01",,54,,
694,"Merkez","merkez","2018-05-28 11:47:01","2018-05-28 11:47:01",,54,,
695,"Sivaslı","sivasli","2018-05-28 11:47:01","2018-05-28 11:47:01",,54,,
696,"Ulubey","ulubey","2018-05-28 11:47:01","2018-05-28 11:47:01",,54,,
697,"Bahçesaray","bahcesaray","2018-05-28 11:47:01","2018-05-28 11:47:01",,55,,
698,"Başkale","baskale","2018-05-28 11:47:01","2018-05-28 11:47:01",,55,,
699,"Çaldıran","caldiran","2018-05-28 11:47:01","2018-05-28 11:47:01",,55,,
700,"Çatak","catak","2018-05-28 11:47:01","2018-05-28 11:47:01",,55,,
701,"Edremit","edremit","2018-05-28 11:47:01","2018-05-28 11:47:01",,55,,
702,"Erciş","ercis","2018-05-28 11:47:01","2018-05-28 11:47:01",,55,,
703,"Gevaş","gevas","2018-05-28 11:47:01","2018-05-28 11:47:01",,55,,
704,"Gürpınar","gurpinar","2018-05-28 11:47:01","2018-05-28 11:47:01",,55,,
705,"İpekyolu","ipekyolu","2018-05-28 11:47:01","2018-05-28 11:47:01",,55,,
706,"Muradiye","muradiye","2018-05-28 11:47:01","2018-05-28 11:47:01",,55,,
707,"Özalp","ozalp","2018-05-28 11:47:01","2018-05-28 11:47:01",,55,,
708,"Saray","saray","2018-05-28 11:47:01","2018-05-28 11:47:01",,55,,
709,"Tuşba","tusba","2018-05-28 11:47:01","2018-05-28 11:47:01",,55,,
710,"Altınova","altinova","2018-05-28 11:47:01","2018-05-28 11:47:01",,56,,
711,"Armutlu","armutlu","2018-05-28 11:47:01","2018-05-28 11:47:01",,56,,
712,"Çınarcık","cinarcik","2018-05-28 11:47:01","2018-05-28 11:47:01",,56,,
713,"Çiftlikköy","ciftlikkoy","2018-05-28 11:47:01","2018-05-28 11:47:01",,56,,
714,"Merkez","merkez","2018-05-28 11:47:01","2018-05-28 11:47:01",,56,,
715,"Termal","termal","2018-05-28 11:47:01","2018-05-28 11:47:01",,56,,
716,"Akdağmadeni","akdagmadeni","2018-05-28 11:47:01","2018-05-28 11:47:01",,57,,
717,"Aydıncık","aydincik","2018-05-28 11:47:01","2018-05-28 11:47:01",,57,,
718,"Boğazlıyan","bogazliyan","2018-05-28 11:47:01","2018-05-28 11:47:01",,57,,
719,"Çandır","candir","2018-05-28 11:47:01","2018-05-28 11:47:01",,57,,
720,"Çayıralan","cayiralan","2018-05-28 11:47:01","2018-05-28 11:47:01",,57,,
721,"Çekerek","cekerek","2018-05-28 11:47:01","2018-05-28 11:47:01",,57,,
722,"Kadışehri","kadisehri","2018-05-28 11:47:01","2018-05-28 11:47:01",,57,,
723,"Merkez","merkez","2018-05-28 11:47:01","2018-05-28 11:47:01",,57,,
724,"Saraykent","saraykent","2018-05-28 11:47:01","2018-05-28 11:47:01",,57,,
725,"Sarıkaya","sarikaya","2018-05-28 11:47:01","2018-05-28 11:47:01",,57,,
726,"Sorgun","sorgun","2018-05-28 11:47:01","2018-05-28 11:47:01",,57,,
727,"Şefaatli","sefaatli","2018-05-28 11:47:01","2018-05-28 11:47:01",,57,,
728,"Yenifakılı","yenifakili","2018-05-28 11:47:01","2018-05-28 11:47:01",,57,,
729,"Yerköy","yerkoy","2018-05-28 11:47:01","2018-05-28 11:47:01",,57,,
730,"Alaplı","alapli","2018-05-28 11:47:01","2018-05-28 11:47:01",,58,,
731,"Çaycuma","caycuma","2018-05-28 11:47:01","2018-05-28 11:47:01",,58,,
732,"Devrek","devrek","2018-05-28 11:47:01","2018-05-28 11:47:01",,58,,
733,"Ereğli","eregli","2018-05-28 11:47:01","2018-05-28 11:47:01",,58,,
734,"Gökçebey","gokcebey","2018-05-28 11:47:01","2018-05-28 11:47:01",,58,,
735,"Kilimli","kilimli","2018-05-28 11:47:01","2018-05-28 11:47:01",,58,,
736,"Kozlu","kozlu","2018-05-28 11:47:01","2018-05-28 11:47:01",,58,,
737,"Merkez","merkez","2018-05-28 11:47:01","2018-05-28 11:47:01",,58,,
738,"Akçakoca","akcakoca","2018-05-28 11:47:01","2018-05-28 11:47:01",,59,,
739,"Cumayeri","cumayeri","2018-05-28 11:47:01","2018-05-28 11:47:01",,59,,
740,"Çilimli","cilimli","2018-05-28 11:47:01","2018-05-28 11:47:01",,59,,
741,"Gölyaka","golyaka","2018-05-28 11:47:01","2018-05-28 11:47:01",,59,,
742,"Gümüşova","gumusova","2018-05-28 11:47:01","2018-05-28 11:47:01",,59,,
743,"Kaynaşlı","kaynasli","2018-05-28 11:47:01","2018-05-28 11:47:01",,59,,
744,"Merkez","merkez","2018-05-28 11:47:01","2018-05-28 11:47:01",,59,,
745,"Yığılca","yigilca","2018-05-28 11:47:01","2018-05-28 11:47:01",,59,,
746,"Enez","enez","2018-05-28 11:47:01","2018-05-28 11:47:01",,60,,
747,"Havsa","havsa","2018-05-28 11:47:01","2018-05-28 11:47:01",,60,,
748,"İpsala","ipsala","2018-05-28 11:47:01","2018-05-28 11:47:01",,60,,
749,"Keşan","kesan","2018-05-28 11:47:01","2018-05-28 11:47:01",,60,,
750,"Lalapaşa","lalapasa","2018-05-28 11:47:01","2018-05-28 11:47:01",,60,,
751,"Meriç","meric","2018-05-28 11:47:01","2018-05-28 11:47:01",,60,,
752,"Merkez","merkez","2018-05-28 11:47:01","2018-05-28 11:47:01",,60,,
753,"Süloğlu","suloglu","2018-05-28 11:47:01","2018-05-28 11:47:01",,60,,
754,"Uzunköprü","uzunkopru","2018-05-28 11:47:01","2018-05-28 11:47:01",,60,,
755,"Ağın","agin","2018-05-28 11:47:01","2018-05-28 11:47:01",,61,,
756,"Alacakaya","alacakaya","2018-05-28 11:47:01","2018-05-28 11:47:01",,61,,
757,"Arıcak","aricak","2018-05-28 11:47:01","2018-05-28 11:47:01",,61,,
758,"Baskil","baskil","2018-05-28 11:47:01","2018-05-28 11:47:01",,61,,
759,"Karakoçan","karakocan","2018-05-28 11:47:01","2018-05-28 11:47:01",,61,,
760,"Keban","keban","2018-05-28 11:47:01","2018-05-28 11:47:01",,61,,
761,"Kovancılar","kovancilar","2018-05-28 11:47:01","2018-05-28 11:47:01",,61,,
762,"Maden","maden","2018-05-28 11:47:01","2018-05-28 11:47:01",,61,,
763,"Merkez","merkez","2018-05-28 11:47:01","2018-05-28 11:47:01",,61,,
764,"Palu","palu","2018-05-28 11:47:01","2018-05-28 11:47:01",,61,,
765,"Sivrice","sivrice","2018-05-28 11:47:01","2018-05-28 11:47:01",,61,,
766,"Çayırlı","cayirli","2018-05-28 11:47:01","2018-05-28 11:47:01",,62,,
767,"İliç","ilic","2018-05-28 11:47:01","2018-05-28 11:47:01",,62,,
768,"Kemah","kemah","2018-05-28 11:47:01","2018-05-28 11:47:01",,62,,
769,"Kemaliye","kemaliye","2018-05-28 11:47:01","2018-05-28 11:47:01",,62,,
770,"Merkez","merkez","2018-05-28 11:47:01","2018-05-28 11:47:01",,62,,
771,"Otlukbeli","otlukbeli","2018-05-28 11:47:01","2018-05-28 11:47:01",,62,,
772,"Refahiye","refahiye","2018-05-28 11:47:01","2018-05-28 11:47:01",,62,,
773,"Tercan","tercan","2018-05-28 11:47:01","2018-05-28 11:47:01",,62,,
774,"Üzümlü","uzumlu","2018-05-28 11:47:01","2018-05-28 11:47:01",,62,,
775,"Aşkale","askale","2018-05-28 11:47:01","2018-05-28 11:47:01",,63,,
776,"Aziziye","aziziye","2018-05-28 11:47:01","2018-05-28 11:47:01",,63,,
777,"Çat","cat","2018-05-28 11:47:01","2018-05-28 11:47:01",,63,,
778,"Hınıs","hinis","2018-05-28 11:47:01","2018-05-28 11:47:01",,63,,
779,"Horasan","horasan","2018-05-28 11:47:01","2018-05-28 11:47:01",,63,,
780,"İspir","ispir","2018-05-28 11:47:01","2018-05-28 11:47:01",,63,,
781,"Karaçoban","karacoban","2018-05-28 11:47:01","2018-05-28 11:47:01",,63,,
782,"Karayazı","karayazi","2018-05-28 11:47:01","2018-05-28 11:47:01",,63,,
783,"Köprüköy","koprukoy","2018-05-28 11:47:01","2018-05-28 11:47:01",,63,,
784,"Narman","narman","2018-05-28 11:47:01","2018-05-28 11:47:01",,63,,
785,"Oltu","oltu","2018-05-28 11:47:01","2018-05-28 11:47:01",,63,,
786,"Olur","olur","2018-05-28 11:47:01","2018-05-28 11:47:01",,63,,
787,"Palandöken","palandoken","2018-05-28 11:47:01","2018-05-28 11:47:01",,63,,
788,"Pasinler","pasinler","2018-05-28 11:47:01","2018-05-28 11:47:01",,63,,
789,"Pazaryolu","pazaryolu","2018-05-28 11:47:01","2018-05-28 11:47:01",,63,,
790,"Şenkaya","senkaya","2018-05-28 11:47:01","2018-05-28 11:47:01",,63,,
791,"Tekman","tekman","2018-05-28 11:47:01","2018-05-28 11:47:01",,63,,
792,"Tortum","tortum","2018-05-28 11:47:01","2018-05-28 11:47:01",,63,,
793,"Uzundere","uzundere","2018-05-28 11:47:01","2018-05-28 11:47:01",,63,,
794,"Yakutiye","yakutiye","2018-05-28 11:47:01","2018-05-28 11:47:01",,63,,
795,"Alpu","alpu","2018-05-28 11:47:01","2018-05-28 11:47:01",,64,,
796,"Beylikova","beylikova","2018-05-28 11:47:01","2018-05-28 11:47:01",,64,,
797,"Çifteler","cifteler","2018-05-28 11:47:01","2018-05-28 11:47:01",,64,,
798,"Günyüzü","gunyuzu","2018-05-28 11:47:01","2018-05-28 11:47:01",,64,,
799,"Han","han","2018-05-28 11:47:01","2018-05-28 11:47:01",,64,,
800,"İnönü","inonu","2018-05-28 11:47:01","2018-05-28 11:47:01",,64,,
801,"Mahmudiye","mahmudiye","2018-05-28 11:47:01","2018-05-28 11:47:01",,64,,
802,"Mihalgazi","mihalgazi","2018-05-28 11:47:01","2018-05-28 11:47:01",,64,,
803,"Mihalıççık","mihaliccik","2018-05-28 11:47:01","2018-05-28 11:47:01",,64,,
804,"Odunpazarı","odunpazari","2018-05-28 11:47:01","2018-05-28 11:47:01",,64,,
805,"Sarıcakaya","saricakaya","2018-05-28 11:47:01","2018-05-28 11:47:01",,64,,
806,"Seyitgazi","seyitgazi","2018-05-28 11:47:01","2018-05-28 11:47:01",,64,,
807,"Sivrihisar","sivrihisar","2018-05-28 11:47:01","2018-05-28 11:47:01",,64,,
808,"Tepebaşı","tepebasi","2018-05-28 11:47:01","2018-05-28 11:47:01",,64,,
809,"Araban","araban","2018-05-28 11:47:01","2018-05-28 11:47:01",,65,,
810,"İslahiye","islahiye","2018-05-28 11:47:01","2018-05-28 11:47:01",,65,,
811,"Karkamış","karkamis","2018-05-28 11:47:01","2018-05-28 11:47:01",,65,,
812,"Nizip","nizip","2018-05-28 11:47:02","2018-05-28 11:47:02",,65,,
813,"Nurdağı","nurdagi","2018-05-28 11:47:02","2018-05-28 11:47:02",,65,,
814,"Oğuzeli","oguzeli","2018-05-28 11:47:02","2018-05-28 11:47:02",,65,,
815,"Şahinbey","sahinbey","2018-05-28 11:47:02","2018-05-28 11:47:02",,65,,
816,"Şehitkamil","sehitkamil","2018-05-28 11:47:02","2018-05-28 11:47:02",,65,,
817,"Yavuzeli","yavuzeli","2018-05-28 11:47:02","2018-05-28 11:47:02",,65,,
818,"Alucra","alucra","2018-05-28 11:47:02","2018-05-28 11:47:02",,66,,
819,"Bulancak","bulancak","2018-05-28 11:47:02","2018-05-28 11:47:02",,66,,
820,"Çamoluk","camoluk","2018-05-28 11:47:02","2018-05-28 11:47:02",,66,,
821,"Çanakçı","canakci","2018-05-28 11:47:02","2018-05-28 11:47:02",,66,,
822,"Dereli","dereli","2018-05-28 11:47:02","2018-05-28 11:47:02",,66,,
823,"Doğankent","dogankent","2018-05-28 11:47:02","2018-05-28 11:47:02",,66,,
824,"Espiye","espiye","2018-05-28 11:47:02","2018-05-28 11:47:02",,66,,
825,"Eynesil","eynesil","2018-05-28 11:47:02","2018-05-28 11:47:02",,66,,
826,"Görele","gorele","2018-05-28 11:47:02","2018-05-28 11:47:02",,66,,
827,"Güce","guce","2018-05-28 11:47:02","2018-05-28 11:47:02",,66,,
828,"Keşap","kesap","2018-05-28 11:47:02","2018-05-28 11:47:02",,66,,
829,"Merkez","merkez","2018-05-28 11:47:02","2018-05-28 11:47:02",,66,,
830,"Piraziz","piraziz","2018-05-28 11:47:02","2018-05-28 11:47:02",,66,,
831,"Şebinkarahisar","sebinkarahisar","2018-05-28 11:47:02","2018-05-28 11:47:02",,66,,
832,"Tirebolu","tirebolu","2018-05-28 11:47:02","2018-05-28 11:47:02",,66,,
833,"Yağlıdere","yaglidere","2018-05-28 11:47:02","2018-05-28 11:47:02",,66,,
834,"Kelkit","kelkit","2018-05-28 11:47:02","2018-05-28 11:47:02",,67,,
835,"Köse","kose","2018-05-28 11:47:02","2018-05-28 11:47:02",,67,,
836,"Kürtün","kurtun","2018-05-28 11:47:02","2018-05-28 11:47:02",,67,,
837,"Merkez","merkez","2018-05-28 11:47:02","2018-05-28 11:47:02",,67,,
838,"Şiran","siran","2018-05-28 11:47:02","2018-05-28 11:47:02",,67,,
839,"Torul","torul","2018-05-28 11:47:02","2018-05-28 11:47:02",,67,,
840,"Çukurca","cukurca","2018-05-28 11:47:02","2018-05-28 11:47:02",,68,,
841,"Merkez","merkez","2018-05-28 11:47:02","2018-05-28 11:47:02",,68,,
842,"Şemdinli","semdinli","2018-05-28 11:47:02","2018-05-28 11:47:02",,68,,
843,"Yüksekova","yuksekova","2018-05-28 11:47:02","2018-05-28 11:47:02",,68,,
844,"Altınözü","altinozu","2018-05-28 11:47:02","2018-05-28 11:47:02",,69,,
845,"Antakya","antakya","2018-05-28 11:47:02","2018-05-28 11:47:02",,69,,
846,"Arsuz","arsuz","2018-05-28 11:47:02","2018-05-28 11:47:02",,69,,
847,"Belen","belen","2018-05-28 11:47:02","2018-05-28 11:47:02",,69,,
848,"Defne","defne","2018-05-28 11:47:02","2018-05-28 11:47:02",,69,,
849,"Dörtyol","dortyol","2018-05-28 11:47:02","2018-05-28 11:47:02",,69,,
850,"Erzin","erzin","2018-05-28 11:47:02","2018-05-28 11:47:02",,69,,
851,"Hassa","hassa","2018-05-28 11:47:02","2018-05-28 11:47:02",,69,,
852,"İskenderun","iskenderun","2018-05-28 11:47:02","2018-05-28 11:47:02",,69,,
853,"Kırıkhan","kirikhan","2018-05-28 11:47:02","2018-05-28 11:47:02",,69,,
854,"Kumlu","kumlu","2018-05-28 11:47:02","2018-05-28 11:47:02",,69,,
855,"Payas","payas","2018-05-28 11:47:02","2018-05-28 11:47:02",,69,,
856,"Reyhanlı","reyhanli","2018-05-28 11:47:02","2018-05-28 11:47:02",,69,,
857,"Samandağ","samandag","2018-05-28 11:47:02","2018-05-28 11:47:02",,69,,
858,"Yayladağı","yayladagi","2018-05-28 11:47:02","2018-05-28 11:47:02",,69,,
859,"Aralık","aralik","2018-05-28 11:47:02","2018-05-28 11:47:02",,70,,
860,"Karakoyunlu","karakoyunlu","2018-05-28 11:47:02","2018-05-28 11:47:02",,70,,
861,"Merkez","merkez","2018-05-28 11:47:02","2018-05-28 11:47:02",,70,,
862,"Tuzluca","tuzluca","2018-05-28 11:47:02","2018-05-28 11:47:02",,70,,
863,"Aksu","aksu","2018-05-28 11:47:02","2018-05-28 11:47:02",,71,,
864,"Atabey","atabey","2018-05-28 11:47:02","2018-05-28 11:47:02",,71,,
865,"Eğirdir","egirdir","2018-05-28 11:47:02","2018-05-28 11:47:02",,71,,
866,"Gelendost","gelendost","2018-05-28 11:47:02","2018-05-28 11:47:02",,71,,
867,"Gönen","gonen","2018-05-28 11:47:02","2018-05-28 11:47:02",,71,,
868,"Keçiborlu","keciborlu","2018-05-28 11:47:02","2018-05-28 11:47:02",,71,,
869,"Merkez","merkez","2018-05-28 11:47:02","2018-05-28 11:47:02",,71,,
870,"Senirkent","senirkent","2018-05-28 11:47:02","2018-05-28 11:47:02",,71,,
871,"Sütçüler","sutculer","2018-05-28 11:47:02","2018-05-28 11:47:02",,71,,
872,"Şarkikaraağaç","sarkikaraagac","2018-05-28 11:47:02","2018-05-28 11:47:02",,71,,
873,"Uluborlu","uluborlu","2018-05-28 11:47:02","2018-05-28 11:47:02",,71,,
874,"Yalvaç","yalvac","2018-05-28 11:47:02","2018-05-28 11:47:02",,71,,
875,"Yenişarbademli","yenisarbademli","2018-05-28 11:47:02","2018-05-28 11:47:02",,71,,
876,"Afşin","afsin","2018-05-28 11:47:02","2018-05-28 11:47:02",,72,,
877,"Andırın","andirin","2018-05-28 11:47:02","2018-05-28 11:47:02",,72,,
878,"Çağlayancerit","caglayancerit","2018-05-28 11:47:02","2018-05-28 11:47:02",,72,,
879,"Dulkadiroğlu","dulkadiroglu","2018-05-28 11:47:02","2018-05-28 11:47:02",,72,,
880,"Ekinözü","ekinozu","2018-05-28 11:47:02","2018-05-28 11:47:02",,72,,
881,"Elbistan","elbistan","2018-05-28 11:47:02","2018-05-28 11:47:02",,72,,
882,"Göksun","goksun","2018-05-28 11:47:02","2018-05-28 11:47:02",,72,,
883,"Nurhak","nurhak","2018-05-28 11:47:02","2018-05-28 11:47:02",,72,,
884,"Onikişubat","onikisubat","2018-05-28 11:47:02","2018-05-28 11:47:02",,72,,
885,"Pazarcık","pazarcik","2018-05-28 11:47:02","2018-05-28 11:47:02",,72,,
886,"Türkoğlu","turkoglu","2018-05-28 11:47:02","2018-05-28 11:47:02",,72,,
887,"Eflani","eflani","2018-05-28 11:47:02","2018-05-28 11:47:02",,73,,
888,"Eskipazar","eskipazar","2018-05-28 11:47:02","2018-05-28 11:47:02",,73,,
889,"Merkez","merkez","2018-05-28 11:47:02","2018-05-28 11:47:02",,73,,
890,"Ovacık","ovacik","2018-05-28 11:47:02","2018-05-28 11:47:02",,73,,
891,"Safranbolu","safranbolu","2018-05-28 11:47:02","2018-05-28 11:47:02",,73,,
892,"Yenice","yenice","2018-05-28 11:47:02","2018-05-28 11:47:02",,73,,
893,"Ayrancı","ayranci","2018-05-28 11:47:02","2018-05-28 11:47:02",,74,,
894,"Başyayla","basyayla","2018-05-28 11:47:02","2018-05-28 11:47:02",,74,,
895,"Ermenek","ermenek","2018-05-28 11:47:02","2018-05-28 11:47:02",,74,,
896,"Kazımkarabekir","kazimkarabekir","2018-05-28 11:47:02","2018-05-28 11:47:02",,74,,
897,"Merkez","merkez","2018-05-28 11:47:02","2018-05-28 11:47:02",,74,,
898,"Sarıveliler","sariveliler","2018-05-28 11:47:02","2018-05-28 11:47:02",,74,,
899,"Akyaka","akyaka","2018-05-28 11:47:02","2018-05-28 11:47:02",,75,,
900,"Arpaçay","arpacay","2018-05-28 11:47:02","2018-05-28 11:47:02",,75,,
901,"Digor","digor","2018-05-28 11:47:02","2018-05-28 11:47:02",,75,,
902,"Kağızman","kagizman","2018-05-28 11:47:02","2018-05-28 11:47:02",,75,,
903,"Merkez","merkez","2018-05-28 11:47:02","2018-05-28 11:47:02",,75,,
904,"Sarıkamış","sarikamis","2018-05-28 11:47:02","2018-05-28 11:47:02",,75,,
905,"Selim","selim","2018-05-28 11:47:02","2018-05-28 11:47:02",,75,,
906,"Susuz","susuz","2018-05-28 11:47:02","2018-05-28 11:47:02",,75,,
907,"Abana","abana","2018-05-28 11:47:02","2018-05-28 11:47:02",,76,,
908,"Ağlı","agli","2018-05-28 11:47:02","2018-05-28 11:47:02",,76,,
909,"Araç","arac","2018-05-28 11:47:02","2018-05-28 11:47:02",,76,,
910,"Azdavay","azdavay","2018-05-28 11:47:02","2018-05-28 11:47:02",,76,,
911,"Bozkurt","bozkurt","2018-05-28 11:47:02","2018-05-28 11:47:02",,76,,
912,"Cide","cide","2018-05-28 11:47:02","2018-05-28 11:47:02",,76,,
913,"Çatalzeytin","catalzeytin","2018-05-28 11:47:02","2018-05-28 11:47:02",,76,,
914,"Daday","daday","2018-05-28 11:47:02","2018-05-28 11:47:02",,76,,
915,"Devrekani","devrekani","2018-05-28 11:47:02","2018-05-28 11:47:02",,76,,
916,"Doğanyurt","doganyurt","2018-05-28 11:47:02","2018-05-28 11:47:02",,76,,
917,"Hanönü","hanonu","2018-05-28 11:47:02","2018-05-28 11:47:02",,76,,
918,"İhsangazi","ihsangazi","2018-05-28 11:47:02","2018-05-28 11:47:02",,76,,
919,"İnebolu","inebolu","2018-05-28 11:47:02","2018-05-28 11:47:02",,76,,
920,"Küre","kure","2018-05-28 11:47:02","2018-05-28 11:47:02",,76,,
921,"Merkez","merkez","2018-05-28 11:47:02","2018-05-28 11:47:02",,76,,
922,"Pınarbaşı","pinarbasi","2018-05-28 11:47:02","2018-05-28 11:47:02",,76,,
923,"Seydiler","seydiler","2018-05-28 11:47:02","2018-05-28 11:47:02",,76,,
924,"Şenpazar","senpazar","2018-05-28 11:47:02","2018-05-28 11:47:02",,76,,
925,"Taşköprü","taskopru","2018-05-28 11:47:02","2018-05-28 11:47:02",,76,,
926,"Tosya","tosya","2018-05-28 11:47:02","2018-05-28 11:47:02",,76,,
927,"Akkışla","akkisla","2018-05-28 11:47:02","2018-05-28 11:47:02",,77,,
928,"Bünyan","bunyan","2018-05-28 11:47:02","2018-05-28 11:47:02",,77,,
929,"Develi","develi","2018-05-28 11:47:02","2018-05-28 11:47:02",,77,,
930,"Felahiye","felahiye","2018-05-28 11:47:02","2018-05-28 11:47:02",,77,,
931,"Hacılar","hacilar","2018-05-28 11:47:02","2018-05-28 11:47:02",,77,,
932,"İncesu","incesu","2018-05-28 11:47:02","2018-05-28 11:47:02",,77,,
933,"Kocasinan","kocasinan","2018-05-28 11:47:02","2018-05-28 11:47:02",,77,,
934,"Melikgazi","melikgazi","2018-05-28 11:47:02","2018-05-28 11:47:02",,77,,
935,"Özvatan","ozvatan","2018-05-28 11:47:02","2018-05-28 11:47:02",,77,,
936,"Pınarbaşı","pinarbasi","2018-05-28 11:47:02","2018-05-28 11:47:02",,77,,
937,"Sarıoğlan","sarioglan","2018-05-28 11:47:02","2018-05-28 11:47:02",,77,,
938,"Sarız","sariz","2018-05-28 11:47:02","2018-05-28 11:47:02",,77,,
939,"Talas","talas","2018-05-28 11:47:02","2018-05-28 11:47:02",,77,,
940,"Tomarza","tomarza","2018-05-28 11:47:02","2018-05-28 11:47:02",,77,,
941,"Yahyalı","yahyali","2018-05-28 11:47:02","2018-05-28 11:47:02",,77,,
942,"Yeşilhisar","yesilhisar","2018-05-28 11:47:02","2018-05-28 11:47:02",,77,,
943,"Elbeyli","elbeyli","2018-05-28 11:47:02","2018-05-28 11:47:02",,78,,
944,"Merkez","merkez","2018-05-28 11:47:02","2018-05-28 11:47:02",,78,,
945,"Musabeyli","musabeyli","2018-05-28 11:47:02","2018-05-28 11:47:02",,78,,
946,"Polateli","polateli","2018-05-28 11:47:02","2018-05-28 11:47:02",,78,,
947,"Bahşili","bahsili","2018-05-28 11:47:02","2018-05-28 11:47:02",,79,,
948,"Balışeyh","baliseyh","2018-05-28 11:47:02","2018-05-28 11:47:02",,79,,
949,"Çelebi","celebi","2018-05-28 11:47:02","2018-05-28 11:47:02",,79,,
950,"Delice","delice","2018-05-28 11:47:02","2018-05-28 11:47:02",,79,,
951,"Karakeçili","karakecili","2018-05-28 11:47:02","2018-05-28 11:47:02",,79,,
952,"Keskin","keskin","2018-05-28 11:47:02","2018-05-28 11:47:02",,79,,
953,"Merkez","merkez","2018-05-28 11:47:02","2018-05-28 11:47:02",,79,,
954,"Sulakyurt","sulakyurt","2018-05-28 11:47:02","2018-05-28 11:47:02",,79,,
955,"Yahşihan","yahsihan","2018-05-28 11:47:02","2018-05-28 11:47:02",,79,,
956,"Babaeski","babaeski","2018-05-28 11:47:02","2018-05-28 11:47:02",,80,,
957,"Demirköy","demirkoy","2018-05-28 11:47:02","2018-05-28 11:47:02",,80,,
958,"Kofçaz","kofcaz","2018-05-28 11:47:02","2018-05-28 11:47:02",,80,,
959,"Lüleburgaz","luleburgaz","2018-05-28 11:47:02","2018-05-28 11:47:02",,80,,
960,"Merkez","merkez","2018-05-28 11:47:02","2018-05-28 11:47:02",,80,,
961,"Pehlivanköy","pehlivankoy","2018-05-28 11:47:02","2018-05-28 11:47:02",,80,,
962,"Pınarhisar","pinarhisar","2018-05-28 11:47:02","2018-05-28 11:47:02",,80,,
963,"Vize","vize","2018-05-28 11:47:02","2018-05-28 11:47:02",,80,,
964,"Akçakent","akcakent","2018-05-28 11:47:03","2018-05-28 11:47:03",,81,,
965,"Akpınar","akpinar","2018-05-28 11:47:03","2018-05-28 11:47:03",,81,,
966,"Boztepe","boztepe","2018-05-28 11:47:03","2018-05-28 11:47:03",,81,,
967,"Çiçekdağı","cicekdagi","2018-05-28 11:47:03","2018-05-28 11:47:03",,81,,
968,"Kaman","kaman","2018-05-28 11:47:03","2018-05-28 11:47:03",,81,,
969,"Merkez","merkez","2018-05-28 11:47:03","2018-05-28 11:47:03",,81,,
970,"Mucur","mucur","2018-05-28 11:47:03","2018-05-28 11:47:03",,81,,
971,"Akdoğan","akdogan","2019-05-03 10:57:15","2019-05-03 10:57:18",,50573,,
972,"Beyarmudu","beyarmudu","2019-05-03 10:57:15","2019-05-03 10:57:18",,50573,,
973,"Gazimağusa","gazimagusa","2019-05-03 10:57:15","2019-05-03 10:57:18",,50573,,
974,"Geçitkale","gecitkale","2019-05-03 10:57:15","2019-05-03 10:57:18",,50573,,
975,"İnönü","inonu","2019-05-03 10:57:15","2019-05-03 10:57:18",,50573,,
976,"Paşaköy","pasakoy","2019-05-03 10:57:15","2019-05-03 10:57:18",,50573,,
977,"Serdarlı","serdarli","2019-05-03 10:57:15","2019-05-03 10:57:18",,50573,,
978,"Tatlısu","tatlisu","2019-05-03 10:57:15","2019-05-03 10:57:18",,50573,,
979,"Vadili","vadili","2019-05-03 10:57:15","2019-05-03 10:57:18",,50573,,
980,"Yeniboğaziçi","yenibogazici","2019-05-03 10:57:15","2019-05-03 10:57:18",,50573,,
981,"Alsancak","alsancak","2019-05-03 10:57:15","2019-05-03 10:57:18",,50574,,
982,"Çatalköy","catalkoy","2019-05-03 10:57:15","2019-05-03 10:57:18",,50574,,
983,"Dikmen","dikmen","2019-05-03 10:57:15","2019-05-03 10:57:18",,50574,,
984,"Esentepe","esentepe","2019-05-03 10:57:15","2019-05-03 10:57:18",,50574,,
985,"Girne","girne","2019-05-03 10:57:15","2019-05-03 10:57:18",,50574,,
986,"Lapta","lapta","2019-05-03 10:57:15","2019-05-03 10:57:18",,50574,,
987,"Gemikonağı","gemikonagi","2019-05-03 10:57:15","2019-05-03 10:57:18",,50575,,
988,"Güzelyurt","guzelyurt","2019-05-03 10:57:15","2019-05-03 10:57:18",,50575,,
989,"Lefke","lefke","2019-05-03 10:57:15","2019-05-03 10:57:18",,50575,,
990,"Büyükkonuk","buyukkonuk","2019-05-03 10:57:15","2019-05-03 10:57:18",,50576,,
991,"Dipkarpaz","dipkarpaz","2019-05-03 10:57:15","2019-05-03 10:57:18",,50576,,
992,"İskele","iskele","2019-05-03 10:57:15","2019-05-03 10:57:18",,50576,,
993,"Mehmetçik","mehmetcik","2019-05-03 10:57:15","2019-05-03 10:57:18",,50576,,
994,"Yenierenköy","yenierenkoy","2019-05-03 10:57:15","2019-05-03 10:57:18",,50576,,
995,"Akıncılar","akincilar","2019-05-03 10:57:15","2019-05-03 10:57:18",,50577,,
996,"Alayköy","alaykoy","2019-05-03 10:57:15","2019-05-03 10:57:18",,50577,,
997,"Değirmenlik","degirmenlik","2019-05-03 10:57:15","2019-05-03 10:57:18",,50577,,
998,"Gönyeli","gonyeli","2019-05-03 10:57:15","2019-05-03 10:57:18",,50577,,
999,"Lefkoşa","lefkosa","2019-05-03 10:57:15","2019-05-03 10:57:18",,50577,,
